sub,ses,space,desc,raw_dimension_x,raw_dimension_y,raw_dimension_z,raw_voxel_size_x,raw_voxel_size_y,raw_voxel_size_z,raw_max_b,raw_neighbor_corr,raw_masked_neighbor_corr,raw_dwi_contrast,raw_num_bad_slices,raw_num_directions,raw_coherence_index,t1_dimension_x,t1_dimension_y,t1_dimension_z,t1_voxel_size_x,t1_voxel_size_y,t1_voxel_size_z,t1_max_b,t1_neighbor_corr,t1_masked_neighbor_corr,t1_dwi_contrast,t1_num_bad_slices,t1_num_directions,t1_coherence_index,t1post_dimension_x,t1post_dimension_y,t1post_dimension_z,t1post_voxel_size_x,t1post_voxel_size_y,t1post_voxel_size_z,t1post_max_b,t1post_neighbor_corr,t1post_masked_neighbor_corr,t1post_dwi_contrast,t1post_num_bad_slices,t1post_num_directions,t1post_coherence_index,mean_fd,max_fd,max_rotation,max_translation,max_rel_rotation,max_rel_translation,t1_dice_distance,CNR0_mean,CNR1_mean,CNR2_mean,CNR3_mean,CNR4_mean,CNR0_median,CNR1_median,CNR2_median,CNR3_median,CNR4_median,CNR0_standard_deviation,CNR1_standard_deviation,CNR2_standard_deviation,CNR3_standard_deviation,CNR4_standard_deviation,file_name,subject_id,session_id,task_id,dir_id,acq_id,space_id,rec_id,run_id,acq
138950,1,ACPC,image,140.0,140.0,81.0,1.71429,1.71429,1.7,3000.0,0.857557,0.70836,1.307266,117.0,96.0,5957.15,95.0,116.0,101.0,1.7,1.7,1.7,3000.0,0.947217,0.875779,1.299899,0.0,96.0,6022.65,95.0,116.0,101.0,1.7,1.7,1.7,3000.0,0.941403,0.835233,1.440523,0.0,96.0,5511.44,0.6386286458553623,1.3024380822299997,0.02353805862,2.685956543,0.004888143393,1.0432994166,0.0353819784524975,21.995285,1.3268002,1.1617953,1.7300571,2.2020955,20.483759,0.88551223,0.8577839,1.2924654,1.7082824,13.02456,1.2001855,0.85313004,1.2284557,1.3673427,sub-138950_ses-1_run-01,sub-138950,ses-1,,,,,,run-01,
138950,2,ACPC,image,140.0,140.0,81.0,1.71429,1.71429,1.7,3000.0,0.832014,0.672094,1.306559,1925.0,96.0,5072.54,95.0,116.0,101.0,1.7,1.7,1.7,3000.0,0.924033,0.817061,1.301311,0.0,96.0,6170.51,95.0,116.0,101.0,1.7,1.7,1.7,3000.0,0.921062,0.842702,1.24247,0.0,96.0,4793.67,0.8403763510421665,2.18289919305,0.01500845421,1.017627584,0.009106040935,1.8114250882,0.0342327339692649,16.30365,1.6156282,1.211952,1.75465,2.020263,14.206369,1.2661084,0.90978056,1.2959689,1.52995,11.352359,1.0036666,0.8223887,1.2688123,1.2759033,sub-138950_ses-2_run-01,sub-138950,ses-2,,,,,,run-01,
19861,2,ACPC,image,140.0,140.0,81.0,1.71429,1.71429,1.7,3000.0,0.869421,0.682231,1.512341,2017.0,96.0,7780.61,95.0,116.0,101.0,1.7,1.7,1.7,3000.0,0.938304,0.814693,1.499334,57.0,96.0,7571.99,95.0,116.0,101.0,1.7,1.7,1.7,3000.0,0.939081,0.771505,1.887566,19.0,96.0,7341.42,0.8356022338218715,1.67160461214,0.01080425549,1.273109421,0.009724408271,1.4459782546000002,0.0246526397564813,19.777382,1.3597425,1.1113034,1.8548698,2.2270997,17.244694,0.8855294,0.8020004,1.4106522,1.7643782,13.809718,1.2776861,0.8749602,1.3031213,1.3598549,sub-19861_ses-2_run-01,sub-19861,ses-2,,,,,,run-01,
20124,1,ACPC,image,140.0,140.0,81.0,1.71429,1.71429,1.7,3000.0,0.924761,0.811188,1.447887,1.0,96.0,3886.0,95.0,116.0,101.0,1.7,1.7,1.7,3000.0,0.96892,0.892988,1.491297,0.0,96.0,5885.76,95.0,116.0,101.0,1.7,1.7,1.7,3000.0,0.967588,0.852936,1.947156,0.0,96.0,4896.05,0.5177179138171059,2.5756361708,0.03339169547,1.522951715,0.026776712388,0.8655638070999999,0.0373969459699387,35.767826,2.7039597,1.9490362,2.6064575,3.8951,33.981354,1.9948137,1.5818251,2.089853,3.288921,19.915804,2.2109787,1.3148423,1.7810981,2.215799,sub-20124_ses-1_run-01,sub-20124,ses-1,,,,,,run-01,
20139,1,ACPC,image,140.0,140.0,81.0,1.71429,1.71429,1.7,3000.0,0.893437,0.733703,1.469516,57.0,96.0,5828.44,95.0,116.0,101.0,1.7,1.7,1.7,3000.0,0.963561,0.887705,1.512751,0.0,96.0,7925.59,95.0,116.0,101.0,1.7,1.7,1.7,3000.0,0.959926,0.845121,1.911055,0.0,96.0,8010.43,0.7592167292406059,2.5270112366,0.05476937443,1.166059465,0.027985983763,0.7635463022,0.0282867372769919,26.915428,1.3587489,1.5202498,2.2799735,3.1863956,25.109785,0.93418235,1.12316,1.7809695,2.6359684,16.083012,1.2947158,1.1804786,1.5732496,1.8364192,sub-20139_ses-1_run-01,sub-20139,ses-1,,,,,,run-01,
20139,2,ACPC,image,140.0,140.0,81.0,1.71429,1.71429,1.7,3000.0,0.895611,0.743094,1.479076,170.0,96.0,4145.44,95.0,116.0,101.0,1.7,1.7,1.7,3000.0,0.95511,0.855958,1.555351,0.0,96.0,8510.61,95.0,116.0,101.0,1.7,1.7,1.7,3000.0,0.953129,0.811058,2.010051,0.0,96.0,7787.05,0.83833056062775,2.03071353870655,0.01954813674,1.025978965,0.011717224956,1.3641929187,0.0268327957053243,25.239109,2.7589056,1.7762668,2.2054532,3.3293033,23.221067,2.0879846,1.3581105,1.6600255,2.6886427,15.988559,1.8409765,1.1851263,1.6099178,1.9574205,sub-20139_ses-2_run-01,sub-20139,ses-2,,,,,,run-01,
20139,3,ACPC,image,140.0,140.0,81.0,1.71429,1.71429,1.7,3000.0,0.921375,0.833872,1.407811,0.0,96.0,7464.05,95.0,116.0,101.0,1.7,1.7,1.7,3000.0,0.965656,0.899844,1.488708,0.0,96.0,7857.57,95.0,116.0,101.0,1.7,1.7,1.7,3000.0,0.962956,0.866125,1.800593,0.0,96.0,8599.8,0.294498257013002,0.5676107649950001,0.01518688165,0.3399113622,0.004067041911,0.41049258,0.0280590200872383,34.57793,1.933297,1.8558023,2.4571574,3.908905,32.353294,1.3617296,1.4786592,1.9209936,3.2266238,19.590796,1.7257768,1.2788677,1.7287465,2.2857242,sub-20139_ses-3_run-01,sub-20139,ses-3,,,,,,run-01,
20141,1,ACPC,image,140.0,140.0,81.0,1.71429,1.71429,1.7,3000.0,0.913265,0.795626,1.418756,1.0,96.0,4656.59,95.0,116.0,101.0,1.7,1.7,1.7,3000.0,0.966389,0.894356,1.477527,0.0,96.0,7511.9,95.0,116.0,101.0,1.7,1.7,1.7,3000.0,0.964277,0.861808,1.716762,0.0,96.0,6793.42,0.4282792428792648,1.5900807764300002,0.02470817417,1.193514491,0.012475965312,0.4667873415999999,0.0341270696904463,30.827053,3.3922045,1.8804197,2.6695943,4.090434,29.031235,2.4946089,1.5098863,2.1051826,3.4108531,17.672916,2.6479437,1.2642076,1.8533814,2.3472562,sub-20141_ses-1_run-01,sub-20141,ses-1,,,,,,run-01,
20149,1,ACPC,image,140.0,140.0,81.0,1.71429,1.71429,1.7,3000.0,0.902109,0.782612,1.41751,2.0,96.0,6354.96,95.0,116.0,101.0,1.7,1.7,1.7,3000.0,0.95723,0.882474,1.428778,0.0,96.0,5816.6,95.0,116.0,101.0,1.7,1.7,1.7,3000.0,0.956478,0.844352,1.750089,0.0,96.0,6945.24,0.3697364125438038,0.8252075273989998,0.01084528212,0.6528485476,0.004202819779,0.5637073442,0.0325784657950812,32.707558,2.560012,1.7258288,2.1926868,2.9476035,30.697525,1.8759868,1.3936353,1.7515212,2.4761512,17.790295,2.1015515,1.157549,1.5126299,1.7102002,sub-20149_ses-1_run-01,sub-20149,ses-1,,,,,,run-01,
20149,2,ACPC,image,140.0,140.0,81.0,1.71429,1.71429,1.7,3000.0,0.860775,0.695871,1.43309,434.0,96.0,4761.65,95.0,116.0,101.0,1.7,1.7,1.7,3000.0,0.939388,0.837089,1.423429,0.0,96.0,4910.36,95.0,116.0,101.0,1.7,1.7,1.7,3000.0,0.942468,0.797363,1.698373,0.0,96.0,6611.02,0.9884056879873,2.3723251439050004,0.01567638665,1.474333124,0.0077129435959999,2.0021915604,0.0349661206791389,22.318733,1.7978036,1.2407655,1.9072942,2.3358948,20.454876,1.3086448,0.94930375,1.478524,1.8794123,13.892615,1.3707279,0.87320155,1.304184,1.3872786,sub-20149_ses-2_run-01,sub-20149,ses-2,,,,,,run-01,
20149,3,ACPC,image,140.0,140.0,81.0,1.71429,1.71429,1.7,3000.0,0.887892,0.791251,1.417456,5.0,96.0,6442.77,95.0,116.0,101.0,1.7,1.7,1.7,3000.0,0.950592,0.895162,1.333383,0.0,96.0,6627.0,95.0,116.0,101.0,1.7,1.7,1.7,3000.0,0.951091,0.841354,1.687957,0.0,96.0,7337.92,0.4249466958805765,1.231244650975,0.009280056693,0.5313443819,0.0097390365557,0.6290439228,0.0344302995418808,29.567045,1.627985,1.5085478,2.0431068,2.70917,27.588978,1.1288514,1.1585778,1.5851952,2.2127113,16.03843,1.5200313,1.1163675,1.4456487,1.6351744,sub-20149_ses-3_run-01,sub-20149,ses-3,,,,,,run-01,
20188,1,ACPC,image,140.0,140.0,81.0,1.71429,1.71429,1.7,3000.0,0.906796,0.756086,1.495497,49.0,96.0,7920.62,95.0,116.0,101.0,1.7,1.7,1.7,3000.0,0.965548,0.886486,1.493728,0.0,96.0,8541.39,95.0,116.0,101.0,1.7,1.7,1.7,3000.0,0.962952,0.834886,1.999871,0.0,96.0,9170.02,0.7413557061413528,2.549735663945,0.03503259271,1.140572375,0.021219628866,0.8192801263,0.0232252729128305,33.728073,1.8146737,1.7174518,2.4418836,4.01291,31.760809,1.276319,1.3739918,1.9508615,3.3546822,19.056076,1.6229153,1.1674367,1.6427804,2.2571974,sub-20188_ses-1_run-01,sub-20188,ses-1,,,,,,run-01,
20188,2,ACPC,image,140.0,140.0,81.0,1.71429,1.71429,1.7,3000.0,0.884945,0.711611,1.530023,289.0,96.0,7726.72,95.0,116.0,101.0,1.7,1.7,1.7,3000.0,0.952138,0.857041,1.49738,0.0,96.0,7147.32,95.0,116.0,101.0,1.7,1.7,1.7,3000.0,0.949377,0.805314,1.920153,0.0,96.0,8278.64,0.8798968535630175,1.83797606723,0.0252315551,1.220735739,0.0114121120399999,1.5027006959,0.0313505662347093,23.627459,2.9094949,1.5601008,2.0361574,3.0469496,21.600258,2.2603364,1.2064674,1.5385655,2.4586735,14.777988,1.8015323,1.023132,1.4564662,1.7668061,sub-20188_ses-2_run-01,sub-20188,ses-2,,,,,,run-01,
20188,3,ACPC,image,140.0,140.0,81.0,1.71429,1.71429,1.7,3000.0,0.919563,0.817689,1.503221,14.0,96.0,6276.97,95.0,116.0,101.0,1.7,1.7,1.7,3000.0,0.965178,0.894117,1.534047,0.0,96.0,8180.82,95.0,116.0,101.0,1.7,1.7,1.7,3000.0,0.963782,0.846221,2.12675,0.0,96.0,8044.63,0.3278178881236951,0.868729089761,0.002596352715,0.5513709427,0.0028977761685,0.7128992528,0.0345428831586492,34.85025,4.6047034,2.0467355,2.5538285,4.0523396,32.453667,3.4905996,1.6459715,1.9908198,3.3428712,19.485447,3.32269,1.3386384,1.8015562,2.3346143,sub-20188_ses-3_acq-VARIANTObliquity_run-01,sub-20188,ses-3,,,acq-VARIANTObliquity,,,run-01,VARIANTObliquity
20212,1,ACPC,image,140.0,140.0,81.0,1.71429,1.71429,1.7,3000.0,0.916161,0.803318,1.390886,2.0,96.0,5153.37,95.0,116.0,101.0,1.7,1.7,1.7,3000.0,0.967798,0.903734,1.4303,0.0,96.0,10017.8,95.0,116.0,101.0,1.7,1.7,1.7,3000.0,0.963787,0.852489,1.834439,0.0,96.0,8195.28,0.4151170075352959,1.13647879571,0.01418990269,0.8004886989999999,0.0054533230099999,0.5773127812100001,0.0439556466676753,36.079475,6.3390255,2.2400055,2.686404,4.2692885,33.649933,5.0209436,1.8936082,2.1847363,3.6669912,20.760408,4.1600327,1.3611107,1.8212688,2.3663602,sub-20212_ses-1_run-01,sub-20212,ses-1,,,,,,run-01,
20214,1,ACPC,image,140.0,140.0,81.0,1.71429,1.71429,1.7,3000.0,0.906229,0.785237,1.348841,13.0,96.0,6108.5,95.0,116.0,101.0,1.7,1.7,1.7,3000.0,0.965974,0.90648,1.359376,0.0,96.0,6519.67,95.0,116.0,101.0,1.7,1.7,1.7,3000.0,0.960576,0.866597,1.540332,0.0,96.0,4777.18,0.5073216263748823,1.3697813702845,0.02770309895,1.277668042,0.0179249091332,0.7819178204,0.030272359983076,26.954237,1.8768595,1.7317677,2.6585584,4.1066413,24.334133,1.2903305,1.3456402,2.0729227,3.361503,17.270771,1.7520152,1.2552944,1.8721536,2.4340653,sub-20214_ses-1_run-01,sub-20214,ses-1,,,,,,run-01,
20214,2,ACPC,image,140.0,140.0,81.0,1.71429,1.71429,1.7,3000.0,0.879238,0.730526,1.37109,236.0,96.0,5019.82,95.0,116.0,101.0,1.7,1.7,1.7,3000.0,0.948582,0.868172,1.368291,0.0,96.0,6886.33,95.0,116.0,101.0,1.7,1.7,1.7,3000.0,0.943753,0.827451,1.63074,0.0,96.0,7208.67,1.0046935147788851,2.451947875276,0.01194572262,1.438287005,0.013326028008,1.868997208,0.023853156036691,23.476414,2.8307657,1.4557084,2.0026855,2.895929,21.34053,2.1943917,1.1165279,1.5149931,2.323893,15.103642,1.7802972,0.9878704,1.4432027,1.728079,sub-20214_ses-2_run-01,sub-20214,ses-2,,,,,,run-01,
20214,3,ACPC,image,140.0,140.0,81.0,1.71429,1.71429,1.7,3000.0,0.919168,0.848684,1.280241,27.0,96.0,3728.15,95.0,116.0,101.0,1.7,1.7,1.7,3000.0,0.960037,0.893696,1.369429,0.0,96.0,6274.25,95.0,116.0,101.0,1.7,1.7,1.7,3000.0,0.952998,0.854556,1.42587,0.0,96.0,5069.86,0.5550292168037156,2.31726947694,0.02461928315,0.8798485519,0.01142125949,1.0516811387,0.0238685901232384,18.323162,2.470202,1.8696705,2.649835,3.8653479,15.458305,1.687861,1.4310093,1.9895089,3.0673637,13.364408,2.1998978,1.3492343,1.955717,2.4105687,sub-20214_ses-3_run-01,sub-20214,ses-3,,,,,,run-01,
20236,1,ACPC,image,140.0,140.0,81.0,1.71429,1.71429,1.7,3000.0,0.929942,0.822491,1.445883,1.0,96.0,6979.37,95.0,116.0,101.0,1.7,1.7,1.7,3000.0,0.970813,0.910055,1.443164,0.0,96.0,7531.07,95.0,116.0,101.0,1.7,1.7,1.7,3000.0,0.965753,0.860704,1.792319,0.0,96.0,6120.21,0.4174580168238499,0.986187426765,0.009061376564,0.5843769139,0.00416754419,0.47756190841,0.0390621806140386,40.685898,394471.25,2.6915188,3.0427854,5.4346814,38.337265,328425.12,2.3060117,2.4905686,4.74813,21.93913,229441.83,1.60399,2.0658128,2.902359,sub-20236_ses-1_run-01,sub-20236,ses-1,,,,,,run-01,
20238,1,ACPC,image,140.0,140.0,81.0,1.71429,1.71429,1.7,3000.0,0.905705,0.773638,1.50747,0.0,96.0,5715.67,95.0,116.0,101.0,1.7,1.7,1.7,3000.0,0.963705,0.873913,1.643794,0.0,96.0,7757.6,95.0,116.0,101.0,1.7,1.7,1.7,3000.0,0.962931,0.853007,1.799903,0.0,96.0,6266.96,0.5347743414671979,1.26699339503,0.007080505136,0.7185014792,0.003155926824,1.0397936163,0.0430133919634293,35.183937,5.8679566,2.0830102,2.4683692,3.6887019,33.230396,4.622319,1.7179277,1.9752924,3.099237,19.207588,3.8482668,1.3122687,1.6965109,2.0847979,sub-20238_ses-1_run-01,sub-20238,ses-1,,,,,,run-01,
20238,2,ACPC,image,140.0,140.0,81.0,1.71429,1.71429,1.7,3000.0,0.893083,0.730208,1.482138,244.0,96.0,4396.42,95.0,116.0,101.0,1.7,1.7,1.7,3000.0,0.952976,0.843835,1.525522,0.0,96.0,7517.75,95.0,116.0,101.0,1.7,1.7,1.7,3000.0,0.949902,0.80738,1.721051,0.0,96.0,6311.33,0.7883421552795536,2.510254099839,0.009610091336,1.500152627,0.008019512286,1.9992292874,0.03843025478814,26.557016,2.6947231,1.4691145,2.1255906,2.939232,24.623314,2.1088395,1.1581281,1.6423016,2.408052,16.793137,1.6529913,0.9740733,1.4956585,1.720934,sub-20238_ses-2_run-01,sub-20238,ses-2,,,,,,run-01,
20252,1,ACPC,image,140.0,140.0,81.0,1.71429,1.71429,1.7,3000.0,0.89366,0.738445,1.394139,72.0,96.0,6519.14,95.0,116.0,101.0,1.7,1.7,1.7,3000.0,0.965198,0.891943,1.453901,0.0,96.0,7244.55,95.0,116.0,101.0,1.7,1.7,1.7,3000.0,0.962452,0.852258,1.813854,0.0,96.0,6653.46,0.6545477879251471,2.8772158337,0.05485404655,1.632448663,0.01866211742,1.6134573956,0.0436090006483147,29.382555,2.4873521,1.9884433,2.982277,4.5826197,27.51991,1.7927372,1.5739751,2.3246722,3.736501,17.13867,2.0321655,1.316108,2.0659287,2.6445518,sub-20252_ses-1_run-01,sub-20252,ses-1,,,,,,run-01,
20252,2,ACPC,image,140.0,140.0,81.0,1.71429,1.71429,1.7,3000.0,0.872635,0.691766,1.43666,494.0,96.0,5258.78,95.0,116.0,101.0,1.7,1.7,1.7,3000.0,0.948971,0.853081,1.388847,0.0,96.0,7644.55,95.0,116.0,101.0,1.7,1.7,1.7,3000.0,0.947814,0.811572,1.634211,0.0,96.0,6889.13,1.102740223728765,2.713277204545,0.03076580353,1.791026806,0.038639442994,2.0727655185,0.027872747120678,21.090229,2.1959639,1.2085656,1.8977519,2.5675302,18.672287,1.684897,0.885916,1.4284244,2.0393047,14.378732,1.3726526,0.8745464,1.3548952,1.548413,sub-20252_ses-2_run-01,sub-20252,ses-2,,,,,,run-01,
20253,1,ACPC,image,140.0,140.0,81.0,1.71429,1.71429,1.7,3000.0,0.891129,0.731316,1.380822,183.0,96.0,4877.22,95.0,116.0,101.0,1.7,1.7,1.7,3000.0,0.960245,0.870148,1.465971,0.0,96.0,8877.11,95.0,116.0,101.0,1.7,1.7,1.7,3000.0,0.95831,0.832442,1.695963,0.0,96.0,6949.59,0.595004357346343,2.341399329656,0.05053481087,1.482692343,0.015135027472,1.0293949238,0.0353710495562564,34.468884,1.5481311,1.4326954,2.007442,2.5972993,32.648037,1.0867062,1.1238967,1.5729127,2.1504579,18.65993,1.3960718,1.0008953,1.3826131,1.497382,sub-20253_ses-1_run-01,sub-20253,ses-1,,,,,,run-01,
20253,2,ACPC,image,140.0,140.0,81.0,1.71429,1.71429,1.7,3000.0,0.878449,0.718887,1.393176,381.0,96.0,3708.77,95.0,116.0,101.0,1.7,1.7,1.7,3000.0,0.946267,0.85079,1.383783,0.0,96.0,6227.23,95.0,116.0,101.0,1.7,1.7,1.7,3000.0,0.941197,0.802978,1.540882,0.0,96.0,6054.06,0.8109779154973237,2.5613504867955,0.01665612124,1.243680457,0.0116175916059999,1.5921652483,0.0315635541606067,22.492067,2.2460434,1.3071913,1.9186797,2.501831,20.477932,1.7683808,1.008184,1.4809866,2.0383282,13.929417,1.3892273,0.8786578,1.3263116,1.4493606,sub-20253_ses-2_run-01,sub-20253,ses-2,,,,,,run-01,
20253,3,ACPC,image,140.0,140.0,81.0,1.71429,1.71429,1.7,3000.0,0.904877,0.79355,1.376763,29.0,96.0,6443.81,95.0,116.0,101.0,1.7,1.7,1.7,3000.0,0.960846,0.890062,1.398586,0.0,96.0,7227.94,95.0,116.0,101.0,1.7,1.7,1.7,3000.0,0.957194,0.852367,1.630709,0.0,96.0,5986.57,0.5527921101323884,4.88015967703,0.04978312925,1.547464709,0.038951273078,1.3913198938,0.031808235655423,28.768408,1.4174992,1.5184746,2.3355093,3.0754232,26.697638,0.9672605,1.1424394,1.8216861,2.4952433,16.308727,1.3477714,1.1596066,1.625941,1.8421026,sub-20253_ses-3_run-01,sub-20253,ses-3,,,,,,run-01,
20258,1,ACPC,image,140.0,140.0,81.0,1.71429,1.71429,1.7,3000.0,0.883557,0.75663,1.51906,4.0,96.0,5067.81,95.0,116.0,101.0,1.7,1.7,1.7,3000.0,0.957392,0.870438,1.584882,0.0,96.0,6964.58,95.0,116.0,101.0,1.7,1.7,1.7,3000.0,0.958213,0.848831,1.766591,0.0,96.0,5668.59,0.4152956624393509,0.999941320466,0.0089389579369999,0.8219282296,0.005263823317,0.7619106245,0.0298954777072223,30.976492,2.3865287,1.6412854,2.0961316,3.2322614,29.141031,1.745116,1.2991564,1.6382369,2.650405,15.887856,1.9525356,1.138628,1.4844422,1.889615,sub-20258_ses-1_run-01,sub-20258,ses-1,,,,,,run-01,
20258,2,ACPC,image,140.0,140.0,81.0,1.71429,1.71429,1.7,3000.0,0.879389,0.736383,1.460899,58.0,96.0,5714.01,95.0,116.0,101.0,1.7,1.7,1.7,3000.0,0.953145,0.857935,1.502382,0.0,96.0,6994.0,95.0,116.0,101.0,1.7,1.7,1.7,3000.0,0.953282,0.829205,1.723498,0.0,96.0,7251.63,0.8342061125769609,2.29416455581,0.01615150087,1.223492898,0.013100326526,1.5379161665,0.0283912739604786,23.831549,2.6720674,1.6557894,2.1983929,2.9808338,22.081623,1.970459,1.278315,1.6838694,2.4193807,14.105644,1.9516194,1.1295694,1.5724921,1.773651,sub-20258_ses-2_run-01,sub-20258,ses-2,,,,,,run-01,
20259,1,ACPC,image,140.0,140.0,81.0,1.71429,1.71429,1.7,3000.0,0.889061,0.700239,1.486765,177.0,96.0,4994.54,95.0,116.0,101.0,1.7,1.7,1.7,3000.0,0.958561,0.856774,1.514119,0.0,96.0,8433.59,95.0,116.0,101.0,1.7,1.7,1.7,3000.0,0.956191,0.814969,1.832312,0.0,96.0,6154.44,0.8790414141863825,3.704500047559,0.06051527336,1.519202352,0.03699732478,1.186077499516,0.0269785183299893,26.637852,1.224388,1.2536012,2.0527666,2.5257158,24.54172,0.8364783,0.9612985,1.66345,2.1248722,16.545128,1.1904427,0.9627834,1.3135016,1.4082439,sub-20259_ses-1_run-01,sub-20259,ses-1,,,,,,run-01,
20259,2,ACPC,image,140.0,140.0,81.0,1.71429,1.71429,1.7,3000.0,0.882721,0.697332,1.529621,409.0,96.0,3913.05,95.0,116.0,101.0,1.7,1.7,1.7,3000.0,0.94997,0.840058,1.528214,0.0,96.0,6855.18,95.0,116.0,101.0,1.7,1.7,1.7,3000.0,0.948338,0.79676,1.805956,0.0,96.0,4601.08,0.8195190500956175,1.878897819995,0.0116247423,1.37025884,0.008414381649,1.6985971832,0.027605973751697,24.192862,2.6304655,1.3817085,2.013977,2.8239396,22.441233,2.0732658,1.1006879,1.5891545,2.3422353,14.789497,1.6370863,0.8881747,1.3511873,1.5887833,sub-20259_ses-2_run-01,sub-20259,ses-2,,,,,,run-01,
20259,3,ACPC,image,140.0,140.0,81.0,1.71429,1.71429,1.7,3000.0,0.914543,0.813877,1.35662,11.0,96.0,5221.61,95.0,116.0,101.0,1.7,1.7,1.7,3000.0,0.96559,0.90085,1.378384,0.0,96.0,8059.5,95.0,116.0,101.0,1.7,1.7,1.7,3000.0,0.963149,0.857526,1.743537,0.0,96.0,6459.41,0.3663457587178099,0.82265284176,0.01880982518,0.6789051664,0.004064586942,0.6148261385,0.0370152891296592,31.460592,5.5575376,1.9731343,2.4459307,3.7792587,29.545048,4.347209,1.5894891,1.9055588,3.1403384,18.51908,3.632884,1.2832829,1.7506534,2.1920564,sub-20259_ses-3_acq-VARIANTObliquity_run-01,sub-20259,ses-3,,,acq-VARIANTObliquity,,,run-01,VARIANTObliquity
20302,1,ACPC,image,140.0,140.0,81.0,1.71429,1.71429,1.7,3000.0,0.921898,0.79425,1.480933,1.0,96.0,7570.48,95.0,116.0,101.0,1.7,1.7,1.7,3000.0,0.969286,0.898355,1.492485,0.0,96.0,7626.92,95.0,116.0,101.0,1.7,1.7,1.7,3000.0,0.965837,0.855755,1.85412,0.0,96.0,6947.53,0.3619023526799235,1.001619095593,0.004584871233,0.4831224376,0.0031885370843,0.702903718,0.0352548501495028,41.677708,16.934652,2.3874931,2.7968554,5.5516195,39.386814,13.656714,1.9787428,2.2213721,4.6944785,22.223162,10.517465,1.4945948,1.9661264,3.05331,sub-20302_ses-1_run-01,sub-20302,ses-1,,,,,,run-01,
20302,2,ACPC,image,140.0,140.0,81.0,1.71429,1.71429,1.7,3000.0,0.892254,0.726842,1.439476,439.0,96.0,5624.65,95.0,116.0,101.0,1.7,1.7,1.7,3000.0,0.952949,0.858267,1.43263,0.0,96.0,7399.07,95.0,116.0,101.0,1.7,1.7,1.7,3000.0,0.949875,0.80865,1.698221,0.0,96.0,7555.61,0.8987582148685627,2.71332728269,0.01065925416,1.469732808,0.0095291557989999,2.0173153205,0.0374738519772885,25.50756,4.3061404,1.6387949,2.2902958,3.2623317,23.295124,3.4850554,1.2882171,1.7587792,2.661817,15.954107,2.3931332,1.0633607,1.6186663,1.8716172,sub-20302_ses-2_run-01,sub-20302,ses-2,,,,,,run-01,
20303,2,ACPC,image,140.0,140.0,81.0,1.71429,1.71429,1.7,3000.0,0.889888,0.717461,1.538795,366.0,96.0,7072.93,95.0,116.0,101.0,1.7,1.7,1.7,3000.0,0.954604,0.851673,1.564615,0.0,96.0,8480.7,95.0,116.0,101.0,1.7,1.7,1.7,3000.0,0.954503,0.812537,1.983645,0.0,96.0,7036.83,0.9388527172571468,2.621155122645,0.009972885251,1.511463487,0.011892710696,2.2920526127,0.0378543513928507,26.105053,3.328293,1.6003954,2.2889085,3.6880846,23.885143,2.5784926,1.250555,1.755448,3.0149102,16.783876,2.092074,1.0751038,1.6474042,2.1261904,sub-20303_ses-2_run-01,sub-20303,ses-2,,,,,,run-01,
20303,3,ACPC,image,140.0,140.0,81.0,1.71429,1.71429,1.7,3000.0,0.916629,0.817689,1.413668,4.0,96.0,6944.17,95.0,116.0,101.0,1.7,1.7,1.7,3000.0,0.9669,0.90208,1.463093,0.0,96.0,6603.09,95.0,116.0,101.0,1.7,1.7,1.7,3000.0,0.964372,0.854933,2.020083,0.0,96.0,6732.14,0.4010818680918039,0.946174964965,0.0088850501919999,0.7823603371999999,0.003580841236,0.6944038258,0.0375618835629581,34.6056,347458.6,2.3944418,2.7078078,5.260688,32.540966,281153.5,1.9050952,2.0535035,4.292538,19.671658,203072.78,1.5757675,2.0245106,3.074135,sub-20303_ses-3_run-01,sub-20303,ses-3,,,,,,run-01,
20305,1,ACPC,image,140.0,140.0,81.0,1.71429,1.71429,1.7,3000.0,0.9039,0.770919,1.5308,2.0,96.0,6522.72,95.0,116.0,101.0,1.7,1.7,1.7,3000.0,0.961558,0.880503,1.572528,0.0,96.0,8775.47,95.0,116.0,101.0,1.7,1.7,1.7,3000.0,0.961615,0.842825,2.133398,0.0,96.0,7409.84,0.4694553743897078,1.0534761624249995,0.02318118699,0.8414623492999999,0.0052043479,0.7080769615,0.0417467904837157,30.828804,1.526591,1.663821,2.5746508,3.791627,28.877283,1.0987222,1.2930269,2.043556,3.1330786,17.591665,1.3710908,1.2052642,1.7383353,2.2057898,sub-20305_ses-1_run-01,sub-20305,ses-1,,,,,,run-01,
20305,2,ACPC,image,140.0,140.0,81.0,1.71429,1.71429,1.7,3000.0,0.915236,0.797153,1.522719,30.0,96.0,6650.44,95.0,116.0,101.0,1.7,1.7,1.7,3000.0,0.964459,0.884792,1.57359,0.0,96.0,9866.29,95.0,116.0,101.0,1.7,1.7,1.7,3000.0,0.963328,0.844941,2.091666,0.0,96.0,7665.46,0.5268999882004167,1.7325870739650002,0.02378148958,0.6891126063,0.0120988685549,0.6972843097999999,0.0360508162850402,32.135807,2.7425308,1.9826525,2.7826111,4.412679,29.854128,1.9366165,1.5557321,2.104731,3.5793726,19.517258,2.2856388,1.3663533,2.0582268,2.6585612,sub-20305_ses-2_run-01,sub-20305,ses-2,,,,,,run-01,
20310,1,ACPC,image,140.0,140.0,81.0,1.71429,1.71429,1.7,3000.0,0.900682,0.769532,1.31368,69.0,96.0,4515.99,95.0,116.0,101.0,1.7,1.7,1.7,3000.0,0.965831,0.904464,1.306516,0.0,96.0,3566.36,95.0,116.0,101.0,1.7,1.7,1.7,3000.0,0.961086,0.855452,1.550615,0.0,96.0,3259.74,0.6026018668724117,1.7577798569,0.01833843067,0.9471622782,0.012269672472,1.0922414448,0.0287372308499499,34.48208,2.2044182,1.662732,2.1902258,2.910173,32.56197,1.6458869,1.3815587,1.775124,2.4503684,18.883709,1.8179599,1.0732845,1.4716517,1.6506242,sub-20310_ses-1_run-01,sub-20310,ses-1,,,,,,run-01,
20310,2,ACPC,image,140.0,140.0,81.0,1.71429,1.71429,1.7,3000.0,0.860291,0.650434,1.473967,510.0,96.0,3164.42,95.0,116.0,101.0,1.7,1.7,1.7,3000.0,0.944103,0.816098,1.477922,0.0,96.0,3554.33,95.0,116.0,101.0,1.7,1.7,1.7,3000.0,0.947396,0.801407,1.567986,0.0,96.0,3925.92,1.2375720953685665,3.33621518682,0.02487666346,1.771089928,0.018143488796,2.3917591972,0.0574042459306796,22.098394,4.1851916,1.4457155,1.6707913,2.5926456,20.294374,3.5476074,1.1592463,1.3043133,2.1429536,14.027193,2.0311296,0.8883913,1.1515348,1.4209073,sub-20310_ses-2_run-01,sub-20310,ses-2,,,,,,run-01,
20310,3,ACPC,image,140.0,140.0,81.0,1.71429,1.71429,1.7,3000.0,0.908672,0.804727,1.379643,11.0,96.0,3490.41,95.0,116.0,101.0,1.7,1.7,1.7,3000.0,0.962744,0.884043,1.450034,0.0,96.0,4146.34,95.0,116.0,101.0,1.7,1.7,1.7,3000.0,0.961851,0.866701,1.536226,0.0,96.0,4140.1,0.3602054988925705,0.8075719978300001,0.02524452098,0.4746502353,0.0030267704299999,0.6541419610000001,0.0400753804548624,33.093575,1.7790276,1.6915632,2.2870455,2.8248134,31.29071,1.2938695,1.3990183,1.8756211,2.3987608,18.83049,1.559196,1.1100539,1.4881331,1.5948784,sub-20310_ses-3_run-01,sub-20310,ses-3,,,,,,run-01,
20328,1,ACPC,image,140.0,140.0,81.0,1.71429,1.71429,1.7,3000.0,0.908304,0.820378,1.319099,7.0,96.0,4332.41,95.0,116.0,101.0,1.7,1.7,1.7,3000.0,0.958125,0.92781,1.21881,0.0,96.0,6401.04,95.0,116.0,101.0,1.7,1.7,1.7,3000.0,0.95038,0.867439,1.346447,0.0,96.0,5117.7,0.4724948798853136,1.163550540567,0.01143653318,0.5328013862,0.0106296814049999,0.6064224964099998,0.0357448000775889,34.807323,4.96642,2.0844626,2.5409274,3.731021,31.99687,3.682691,1.6636916,1.9126294,3.0049639,20.317774,3.7562582,1.3821394,1.8940731,2.2668605,sub-20328_ses-1_run-01,sub-20328,ses-1,,,,,,run-01,
20328,2,ACPC,image,140.0,140.0,81.0,1.71429,1.71429,1.7,3000.0,0.870294,0.744459,1.308831,113.0,96.0,3311.86,95.0,116.0,101.0,1.7,1.7,1.7,3000.0,0.94352,0.896484,1.194234,0.0,96.0,6308.48,95.0,116.0,101.0,1.7,1.7,1.7,3000.0,0.937518,0.842727,1.360871,0.0,96.0,5534.86,0.7939557849596468,1.77585464706,0.01614751667,1.02870437,0.0128804326529999,1.1161820284,0.0310439949403562,23.067478,3.9938269,1.5907686,1.7822413,2.3255002,20.834877,3.2557416,1.2492416,1.3482274,1.8705312,14.235146,2.1942444,1.0082042,1.2877518,1.3873018,sub-20328_ses-2_run-01,sub-20328,ses-2,,,,,,run-01,
20333,1,ACPC,image,140.0,140.0,81.0,1.71429,1.71429,1.7,3000.0,0.914515,0.782373,1.442027,15.0,96.0,5223.68,95.0,116.0,101.0,1.7,1.7,1.7,3000.0,0.968976,0.894129,1.476326,0.0,96.0,7661.83,95.0,116.0,101.0,1.7,1.7,1.7,3000.0,0.966439,0.85019,1.871392,0.0,96.0,6550.36,0.6030212080428431,2.3199838770600003,0.02365892939,1.428648063,0.012161879335,1.09542581337,0.03880305183483,30.163702,1.9984623,1.7488257,2.4226766,3.8445745,28.390245,1.4124897,1.3942206,1.9252354,3.2350311,17.123032,1.7735871,1.2103261,1.660434,2.174397,sub-20333_ses-1_run-01,sub-20333,ses-1,,,,,,run-01,
20336,1,ACPC,image,140.0,140.0,81.0,1.71429,1.71429,1.7,3000.0,0.927489,0.823086,1.511733,22.0,96.0,5987.72,95.0,116.0,101.0,1.7,1.7,1.7,3000.0,0.967761,0.899639,1.498575,0.0,96.0,6176.32,95.0,116.0,101.0,1.7,1.7,1.7,3000.0,0.964648,0.86153,1.774026,0.0,96.0,4757.16,0.3758777243948725,0.8758619748441001,0.01160682086,0.6252999231,0.0050162195699999,0.5615524894999999,0.0352343852584584,39.669334,8.093745,2.7239442,3.1761131,6.0297723,37.080585,6.25695,2.2471747,2.4738574,5.030285,22.657473,5.763524,1.7365047,2.3140895,3.4625394,sub-20336_ses-1_run-01,sub-20336,ses-1,,,,,,run-01,
20347,1,ACPC,image,140.0,140.0,81.0,1.71429,1.71429,1.7,3000.0,0.914824,0.77259,1.586268,1.0,96.0,4279.41,95.0,116.0,101.0,1.7,1.7,1.7,3000.0,0.966531,0.877971,1.676432,0.0,96.0,5731.63,95.0,116.0,101.0,1.7,1.7,1.7,3000.0,0.966116,0.856589,1.964379,0.0,96.0,5186.65,0.468622446602903,1.342525814555,0.009113858454,0.6567889328,0.0037811934019999,1.0757908615999998,0.0382949740329767,35.302597,2.6542406,1.9231305,2.6199002,4.81406,33.201065,1.9329159,1.5345477,2.0236435,3.9246628,20.66111,2.1694546,1.3161494,1.8959779,2.8132784,sub-20347_ses-1_run-01,sub-20347,ses-1,,,,,,run-01,
20350,1,ACPC,image,140.0,140.0,81.0,1.71429,1.71429,1.7,3000.0,0.904445,0.788856,1.488245,1.0,96.0,6955.24,95.0,116.0,101.0,1.7,1.7,1.7,3000.0,0.962293,0.898367,1.429345,0.0,96.0,7206.39,95.0,116.0,101.0,1.7,1.7,1.7,3000.0,0.961002,0.853192,1.884157,0.0,96.0,6512.3,0.4131474293596764,0.9159606840499996,0.01134254783,0.8789544541999998,0.003777261823,0.7243289855999999,0.0381662812387065,37.2233,5.2476034,2.086363,2.6163802,4.541251,35.007816,4.069276,1.6990533,2.0471387,3.763246,19.999256,3.6308355,1.341242,1.8516923,2.573865,sub-20350_ses-1_run-01,sub-20350,ses-1,,,,,,run-01,
20352,1,ACPC,image,140.0,140.0,81.0,1.71429,1.71429,1.7,3000.0,0.923725,0.791997,1.494936,0.0,96.0,7191.41,95.0,116.0,101.0,1.7,1.7,1.7,3000.0,0.970825,0.897251,1.512509,0.0,96.0,6809.85,95.0,116.0,101.0,1.7,1.7,1.7,3000.0,0.968512,0.860232,1.849844,0.0,96.0,7916.71,0.3844501718819206,1.0211478631975,0.003668293823,0.9309352335,0.00193058583,0.8203316012999999,0.0354988000816138,43.723824,5.198096,2.3756616,3.0220606,5.820374,40.862602,4.1181126,2.0192504,2.4637892,5.0102615,23.665445,3.6083844,1.4471878,2.0329072,3.1296654,sub-20352_ses-1_run-01,sub-20352,ses-1,,,,,,run-01,
20352,2,ACPC,image,140.0,140.0,81.0,1.71429,1.71429,1.7,3000.0,0.904188,0.73627,1.439451,180.0,96.0,6983.88,95.0,116.0,101.0,1.7,1.7,1.7,3000.0,0.961389,0.872791,1.422029,0.0,96.0,6915.1,95.0,116.0,101.0,1.7,1.7,1.7,3000.0,0.959518,0.824035,1.785163,0.0,96.0,8232.49,0.7666224175759512,2.0579373435825,0.006576873362,1.191892929,0.008351668716,1.78045016,0.0377943377701952,28.12112,5.5697613,1.8482327,2.462358,3.5421298,25.690666,4.6607237,1.4963248,1.9385378,2.973167,17.581333,2.8751712,1.1458207,1.7226473,1.9875332,sub-20352_ses-2_run-01,sub-20352,ses-2,,,,,,run-01,
20399,1,ACPC,image,140.0,140.0,81.0,1.71429,1.71429,1.7,3000.0,0.91694,0.786653,1.391613,42.0,96.0,4169.75,95.0,116.0,101.0,1.7,1.7,1.7,3000.0,0.969941,0.901014,1.430006,0.0,96.0,6457.14,95.0,116.0,101.0,1.7,1.7,1.7,3000.0,0.966594,0.855041,1.788145,0.0,96.0,6379.71,0.7040744157448512,3.2013343506,0.04741352797,2.003312642,0.03929339536,1.0889666267,0.0419515770081556,32.912113,3.4234648,1.861715,2.7878835,4.5083075,30.427366,2.5831378,1.4985178,2.2400506,3.7756002,19.37207,2.5486465,1.23493,1.8838607,2.5295157,sub-20399_ses-1_run-01,sub-20399,ses-1,,,,,,run-01,
20399,2,ACPC,image,140.0,140.0,81.0,1.71429,1.71429,1.7,3000.0,0.897574,0.744518,1.392448,158.0,96.0,4561.91,95.0,116.0,101.0,1.7,1.7,1.7,3000.0,0.958403,0.870974,1.393249,0.0,96.0,5934.78,95.0,116.0,101.0,1.7,1.7,1.7,3000.0,0.95344,0.830478,1.470311,0.0,96.0,4738.76,0.6777026232258558,1.72588074488,0.009342377074,1.094056861,0.0055801002892,1.5090054877,0.0301608418633442,25.715715,2.1547697,1.4386913,2.0319147,3.0628304,23.368347,1.6213739,1.1363356,1.5832741,2.5155587,16.632597,1.5243305,0.95007586,1.410627,1.7782359,sub-20399_ses-2_run-01,sub-20399,ses-2,,,,,,run-01,
20402,1,ACPC,image,140.0,140.0,81.0,1.71429,1.71429,1.7,3000.0,0.902638,0.774762,1.48296,2.0,96.0,5137.98,95.0,116.0,101.0,1.7,1.7,1.7,3000.0,0.963802,0.890851,1.500855,0.0,96.0,7410.44,95.0,116.0,101.0,1.7,1.7,1.7,3000.0,0.959377,0.847827,1.753799,0.0,96.0,8102.18,0.4286524218323334,1.81011819482,0.01707232185,0.5758118236,0.0074941981609999,0.7680894277,0.0333324314387711,33.88942,4.0764823,1.8714217,2.308082,4.090962,32.10951,3.184725,1.5437235,1.8563985,3.4507515,17.914,2.809415,1.2018533,1.5819482,2.2756252,sub-20402_ses-1_run-01,sub-20402,ses-1,,,,,,run-01,
20403,1,ACPC,image,140.0,140.0,81.0,1.71429,1.71429,1.7,3000.0,0.910206,0.795413,1.470129,4.0,96.0,4059.65,95.0,116.0,101.0,1.7,1.7,1.7,3000.0,0.965926,0.892855,1.509794,0.0,96.0,7375.35,95.0,116.0,101.0,1.7,1.7,1.7,3000.0,0.964178,0.857075,1.798686,0.0,96.0,6240.71,0.385483267337296,1.508493982575,0.008885575458,0.4083414972,0.008098060963,0.6596443659,0.0442717630998634,32.42236,2.6286702,2.0621169,2.5918036,4.4128304,30.41622,1.9779477,1.7546636,2.1287131,3.7775946,17.720055,2.0746765,1.2660649,1.7280867,2.4206972,sub-20403_ses-1_run-01,sub-20403,ses-1,,,,,,run-01,
20410,1,ACPC,image,140.0,140.0,81.0,1.71429,1.71429,1.7,3000.0,0.914799,0.790155,1.527452,3.0,96.0,6032.23,95.0,116.0,101.0,1.7,1.7,1.7,3000.0,0.967144,0.886848,1.590183,0.0,96.0,6462.55,95.0,116.0,101.0,1.7,1.7,1.7,3000.0,0.965068,0.853528,1.933648,0.0,96.0,6211.62,0.350515593588191,0.96378416775,0.007374927867,1.005475783,0.003215754871,0.7427746216,0.0433620982025097,38.3006,5.186643,2.1590672,2.6323292,4.1578865,36.109535,4.11026,1.8069673,2.1240618,3.5450704,19.958168,3.5407548,1.3399742,1.7880921,2.2657092,sub-20410_ses-1_run-01,sub-20410,ses-1,,,,,,run-01,
20427,1,ACPC,image,140.0,140.0,81.0,1.71429,1.71429,1.7,3000.0,0.907121,0.811503,1.397905,1.0,96.0,6259.03,95.0,116.0,101.0,1.7,1.7,1.7,3000.0,0.962653,0.899341,1.402664,0.0,96.0,6188.54,95.0,116.0,101.0,1.7,1.7,1.7,3000.0,0.957857,0.866767,1.595791,0.0,96.0,5065.86,0.3787018056340881,0.788360635174,0.004617122933,0.4887673928,0.003060593852,0.5948091059,0.023284356994302,36.75585,17.977898,2.3949776,2.4103098,4.579281,34.631435,14.137667,1.9031312,1.8200774,3.73891,20.024931,11.5671215,1.5737725,1.8271472,2.690749,sub-20427_ses-1_run-01,sub-20427,ses-1,,,,,,run-01,
20427,2,ACPC,image,140.0,140.0,81.0,1.71429,1.71429,1.7,3000.0,0.857472,0.68709,1.433666,1948.0,96.0,4223.98,95.0,116.0,101.0,1.7,1.7,1.7,3000.0,0.934502,0.814701,1.423204,1.0,96.0,6401.39,95.0,116.0,101.0,1.7,1.7,1.7,3000.0,0.930321,0.788272,1.532439,0.0,96.0,5335.71,0.7574062682061296,1.5531388283199996,0.01352931559,1.099609175,0.011520541857,1.0651671139,0.0244939078993785,18.210539,1.1770202,1.0751489,1.7629747,2.1821582,15.831331,0.757365,0.77305996,1.33812,1.7330537,12.651384,1.1495353,0.854957,1.2532533,1.335163,sub-20427_ses-2_run-01,sub-20427,ses-2,,,,,,run-01,
20448,1,ACPC,image,140.0,140.0,81.0,1.71429,1.71429,1.7,3000.0,0.892792,0.761684,1.361921,64.0,96.0,6912.99,95.0,116.0,101.0,1.7,1.7,1.7,3000.0,0.957592,0.883183,1.369767,0.0,96.0,6758.44,95.0,116.0,101.0,1.7,1.7,1.7,3000.0,0.956521,0.832127,1.800137,0.0,96.0,7114.84,0.7014044284376274,3.175439079475,0.05524719134,1.103253535,0.0326156414335,0.8389243722999999,0.0351388136808675,33.209766,3.3884902,1.5717083,2.2272007,2.8989618,31.065903,2.5970526,1.2508643,1.7719588,2.409165,18.119654,2.4523957,1.057783,1.5134358,1.6763952,sub-20448_ses-1_run-01,sub-20448,ses-1,,,,,,run-01,
20463,1,ACPC,image,140.0,140.0,81.0,1.71429,1.71429,1.7,3000.0,0.921798,0.822195,1.350238,4.0,96.0,5951.2,95.0,116.0,101.0,1.7,1.7,1.7,3000.0,0.970257,0.918109,1.336754,0.0,96.0,3202.65,95.0,116.0,101.0,1.7,1.7,1.7,3000.0,0.964997,0.847364,2.061642,0.0,96.0,3658.78,0.5397021664734412,1.31494260337,0.005926731043,0.5876659568,0.0081984594,0.9952044488,0.04001938655404,43.702213,9.248962,3.0967553,2.8859575,5.7024236,40.94125,7.3325315,2.5758164,2.2572417,4.814956,23.895636,6.474897,1.8429644,2.0609233,3.1395044,sub-20463_ses-1_run-01,sub-20463,ses-1,,,,,,run-01,
20463,2,ACPC,image,140.0,140.0,81.0,1.71429,1.71429,1.7,3000.0,0.892892,0.725845,1.506566,259.0,96.0,5635.89,95.0,116.0,101.0,1.7,1.7,1.7,3000.0,0.956499,0.846165,1.617147,0.0,96.0,6980.3,95.0,116.0,101.0,1.7,1.7,1.7,3000.0,0.957077,0.809527,2.114448,0.0,96.0,7415.73,0.8743525478631277,2.2540730724770004,0.0074565960089999,1.466666555,0.0079033694923999,1.9343645967,0.0331262229240328,25.750755,3.1806006,1.6461653,2.250941,3.2324238,24.137947,2.5294352,1.3201997,1.7652401,2.6853175,15.2591305,1.8987511,1.0392812,1.5375078,1.8132852,sub-20463_ses-2_run-01,sub-20463,ses-2,,,,,,run-01,
20494,1,ACPC,image,140.0,140.0,81.0,1.71429,1.71429,1.7,3000.0,0.924403,0.819689,1.418161,1.0,96.0,6072.85,95.0,116.0,101.0,1.7,1.7,1.7,3000.0,0.97142,0.918405,1.394846,0.0,96.0,5964.64,95.0,116.0,101.0,1.7,1.7,1.7,3000.0,0.964368,0.848975,1.931432,0.0,96.0,6346.94,0.3695641104086632,0.97385087502,0.003998182248,0.7145170717,0.0030644583162,0.7943002150999999,0.0278828132706408,44.59995,444704.0,3.3047214,3.122224,6.98383,41.489285,363874.38,2.7733634,2.4598386,5.903944,25.177753,262118.9,1.9787807,2.2673445,3.8653963,sub-20494_ses-1_run-01,sub-20494,ses-1,,,,,,run-01,
20494,2,ACPC,image,140.0,140.0,81.0,1.71429,1.71429,1.7,3000.0,0.898422,0.749698,1.451994,203.0,96.0,3688.12,95.0,116.0,101.0,1.7,1.7,1.7,3000.0,0.958264,0.866932,1.465081,0.0,96.0,7387.13,95.0,116.0,101.0,1.7,1.7,1.7,3000.0,0.955628,0.804695,2.072953,0.0,96.0,6519.54,0.8232355615616724,2.16642594591,0.02170477808,1.257428495,0.0105874780599999,1.4356104105,0.0291648938227671,25.241837,2.6933327,1.5561695,2.3171012,3.2945771,23.76791,2.0845907,1.2326475,1.8122705,2.700501,14.969938,1.755736,1.0128909,1.578114,1.8755487,sub-20494_ses-2_run-01,sub-20494,ses-2,,,,,,run-01,
20494,3,ACPC,image,140.0,140.0,81.0,1.71429,1.71429,1.7,3000.0,0.916924,0.823857,1.443534,0.0,96.0,5198.18,95.0,116.0,101.0,1.7,1.7,1.7,3000.0,0.966956,0.902548,1.4769,0.0,96.0,7157.5,95.0,116.0,101.0,1.7,1.7,1.7,3000.0,0.963754,0.855291,2.008641,0.0,96.0,6157.22,0.3193274702959177,0.7253456230430002,0.01947350614,0.5006142827,0.0029161730759999,0.48825597801,0.0286029690934789,33.814716,3.0317616,2.027812,2.6389227,3.9391189,31.242653,2.2434525,1.6594319,2.0852878,3.2435274,19.280975,2.4043577,1.3224227,1.8425553,2.302297,sub-20494_ses-3_run-01,sub-20494,ses-3,,,,,,run-01,
20533,1,ACPC,image,140.0,140.0,81.0,1.71429,1.71429,1.7,3000.0,0.907823,0.794953,1.44661,1.0,96.0,8759.72,95.0,116.0,101.0,1.7,1.7,1.7,3000.0,0.963344,0.900196,1.428852,0.0,96.0,8563.47,95.0,116.0,101.0,1.7,1.7,1.7,3000.0,0.960934,0.883046,1.432935,0.0,96.0,6713.88,0.4099756390231628,1.179488491985,0.01815096103,1.056709511,0.011665654834,0.5885695390000001,0.0274559770769601,31.377352,2.868258,1.876153,2.436538,3.7286239,29.436665,2.1681848,1.5582831,1.9737444,3.1692977,16.869642,2.218589,1.2063587,1.6439506,2.1001558,sub-20533_ses-1_run-01,sub-20533,ses-1,,,,,,run-01,
20533,2,ACPC,image,140.0,140.0,81.0,1.71429,1.71429,1.7,3000.0,0.905065,0.826654,1.388829,0.0,96.0,6687.79,95.0,116.0,101.0,1.7,1.7,1.7,3000.0,0.959815,0.905715,1.374882,0.0,96.0,7614.39,95.0,116.0,101.0,1.7,1.7,1.7,3000.0,0.957162,0.889637,1.316764,0.0,96.0,7823.3,0.34510510236759,0.8187943260799998,0.009358729236,0.4606525197,0.0027623796486999,0.5486827310799999,0.0249440589602637,36.788082,3.368006,2.0067236,2.4269404,3.577199,34.432194,2.5263567,1.6413916,1.89784,2.958143,19.709082,2.5601292,1.3022329,1.7361711,2.1137578,sub-20533_ses-2_run-01,sub-20533,ses-2,,,,,,run-01,
20572,1,ACPC,image,140.0,140.0,81.0,1.71429,1.71429,1.7,3000.0,0.834238,0.597186,1.388204,774.0,96.0,6226.79,95.0,116.0,101.0,1.7,1.7,1.7,3000.0,0.938675,0.787807,1.4236,4.0,96.0,8871.47,95.0,116.0,101.0,1.7,1.7,1.7,3000.0,0.941964,0.818969,1.295309,5.0,96.0,8416.39,1.4827481414284318,5.1624995093,0.04740443826,1.860811266,0.03371335753,1.6581407673,0.0453316235000199,14.129888,0.7971966,1.1173209,1.8142778,1.691398,11.472181,0.52127445,0.82719135,1.439911,1.3851235,10.551802,0.7954162,0.81016815,1.1011938,0.92575145,sub-20572_ses-1_acq-VARIANTObliquity_run-01,sub-20572,ses-1,,,acq-VARIANTObliquity,,,run-01,VARIANTObliquity
20572,2,ACPC,image,140.0,140.0,81.0,1.71429,1.71429,1.7,3000.0,0.874485,0.719426,1.349026,455.0,96.0,4092.44,95.0,116.0,101.0,1.7,1.7,1.7,3000.0,0.948463,0.854093,1.364015,0.0,96.0,8618.26,95.0,116.0,101.0,1.7,1.7,1.7,3000.0,0.949318,0.807191,1.652733,0.0,96.0,8153.76,0.9945756799461424,4.229271312845,0.02578718774,1.486665176,0.03758236021,1.4272411134,0.0372059459301324,22.114132,1.2475631,1.0558498,1.6884843,2.0288708,20.322796,0.8411109,0.7842191,1.3219237,1.6494039,13.849793,1.1367995,0.7943018,1.1295396,1.1926394,sub-20572_ses-2_run-01,sub-20572,ses-2,,,,,,run-01,
20612,1,ACPC,image,140.0,140.0,81.0,1.71429,1.71429,1.7,3000.0,0.794985,0.534562,1.348812,1369.0,96.0,4534.19,95.0,116.0,101.0,1.7,1.7,1.7,3000.0,0.927444,0.781151,1.424736,46.0,96.0,10449.5,95.0,116.0,101.0,1.7,1.7,1.7,3000.0,0.920413,0.71522,1.644571,52.0,96.0,10054.7,2.200132978386024,10.677092430245,0.06932000816,6.853439255,0.046120753042,6.749878155599999,0.0275969954980236,9.591571,0.757618,0.8118407,1.5420462,1.8417958,7.8469315,0.48674375,0.5684756,1.235041,1.5357385,7.4596696,0.7775021,0.66353405,0.91825455,0.90088564,sub-20612_ses-1_run-01,sub-20612,ses-1,,,,,,run-01,
20626,1,ACPC,image,140.0,140.0,81.0,1.71429,1.71429,1.7,3000.0,0.888083,0.765161,1.412715,43.0,96.0,5963.78,95.0,116.0,101.0,1.7,1.7,1.7,3000.0,0.952275,0.876787,1.395825,0.0,96.0,5626.58,95.0,116.0,101.0,1.7,1.7,1.7,3000.0,0.947613,0.830699,1.571267,0.0,96.0,5940.83,0.7079072162075464,1.59438823579,0.0227396749,0.79327137,0.01001798315,1.0263721525,0.0229932295004318,26.286694,2.7271056,1.6751732,2.1214578,2.6701484,24.4968,2.0031486,1.3047462,1.6367812,2.175016,15.922672,2.0544221,1.1355634,1.5190709,1.6022484,sub-20626_ses-1_run-01,sub-20626,ses-1,,,,,,run-01,
20626,2,ACPC,image,140.0,140.0,81.0,1.71429,1.71429,1.7,3000.0,0.837467,0.674215,1.411216,1661.0,96.0,6393.51,95.0,116.0,101.0,1.7,1.7,1.7,3000.0,0.927191,0.842658,1.304679,0.0,96.0,5807.38,95.0,116.0,101.0,1.7,1.7,1.7,3000.0,0.930589,0.78453,1.635532,0.0,96.0,4845.78,0.8388903432180538,1.5723709768300005,0.0187345352,0.9032765136,0.0122739287284,1.1157944378,0.0346017379933301,17.351334,2.951084,1.4500479,1.7548012,2.3267028,15.312104,2.368052,1.081411,1.2850912,1.8194377,11.69628,1.7187704,0.9860736,1.2994224,1.4111025,sub-20626_ses-2_run-01,sub-20626,ses-2,,,,,,run-01,
20691,1,ACPC,image,140.0,140.0,81.0,1.71429,1.71429,1.7,3000.0,0.912126,0.777694,1.448787,97.0,96.0,7042.67,95.0,116.0,101.0,1.7,1.7,1.7,3000.0,0.965063,0.888608,1.480697,0.0,96.0,7321.58,95.0,116.0,101.0,1.7,1.7,1.7,3000.0,0.960448,0.844594,1.744931,0.0,96.0,6886.38,0.7948612836202626,1.7663480215699998,0.03934796154,1.075805954,0.01391238347,1.0602415819,0.0326233703427569,17.152534,1.3240068,1.7346861,2.805673,4.145222,14.071357,0.8688681,1.3627836,2.1954482,3.417126,13.091871,1.3099792,1.2087728,1.9192702,2.3830416,sub-20691_ses-1_run-01,sub-20691,ses-1,,,,,,run-01,
20691,2,ACPC,image,140.0,140.0,81.0,1.71429,1.71429,1.7,3000.0,0.89048,0.721971,1.509071,171.0,96.0,5029.95,95.0,116.0,101.0,1.7,1.7,1.7,3000.0,0.954578,0.860827,1.482408,0.0,96.0,7565.52,95.0,116.0,101.0,1.7,1.7,1.7,3000.0,0.950643,0.814257,1.725965,0.0,96.0,6859.78,0.9091964298885884,2.832836599485,0.02073329873,1.354110852,0.0208869366889999,1.7094676093,0.0295989693081765,24.647205,2.2753148,1.4331079,2.0412314,3.3409674,22.87966,1.6806684,1.0955697,1.5730652,2.7272356,15.103667,1.6741253,0.9987413,1.4323424,1.9026908,sub-20691_ses-2_run-01,sub-20691,ses-2,,,,,,run-01,
20712,1,ACPC,image,140.0,140.0,81.0,1.71429,1.71429,1.7,3000.0,0.913186,0.798329,1.483449,1.0,96.0,7529.69,95.0,116.0,101.0,1.7,1.7,1.7,3000.0,0.967561,0.902385,1.475484,0.0,96.0,6395.45,95.0,116.0,101.0,1.7,1.7,1.7,3000.0,0.973026,0.947632,1.160505,0.0,96.0,1636.83,0.4815381413418255,1.1450979148424,0.01370016579,0.6550291569,0.0045153868271,1.0222855308,0.0282316184332308,36.069695,45.17164,2.3810153,2.642721,4.615996,33.85442,36.288315,1.9458005,2.0552173,3.826875,19.505894,27.293861,1.5174624,1.9212381,2.6461465,sub-20712_ses-1_run-01,sub-20712,ses-1,,,,,,run-01,
20712,2,ACPC,image,140.0,140.0,81.0,1.71429,1.71429,1.7,3000.0,0.881857,0.706926,1.518032,312.0,96.0,7259.18,95.0,116.0,101.0,1.7,1.7,1.7,3000.0,0.953869,0.858591,1.516444,0.0,96.0,6963.94,95.0,116.0,101.0,1.7,1.7,1.7,3000.0,0.953162,0.822172,1.863497,0.0,96.0,6861.65,1.0678252554875,2.31015782175,0.03991172463,1.482674169,0.01344044321,1.5855112634,0.0351163451789995,21.361324,3.6747286,1.7906178,2.181044,3.002544,19.390978,2.8394556,1.3872504,1.644451,2.411615,13.302946,2.3304565,1.1714097,1.5722091,1.7736366,sub-20712_ses-2_run-01,sub-20712,ses-2,,,,,,run-01,
20712,3,ACPC,image,140.0,140.0,81.0,1.71429,1.71429,1.7,3000.0,0.901166,0.771778,1.540119,15.0,96.0,6196.44,95.0,116.0,101.0,1.7,1.7,1.7,3000.0,0.963248,0.884461,1.604589,0.0,96.0,6843.49,95.0,116.0,101.0,1.7,1.7,1.7,3000.0,0.961601,0.848686,2.048629,0.0,96.0,7299.93,0.5122247285210215,2.616988789175,0.01756987534,1.762567054,0.0181948833005,0.8650423896999999,0.0347133883257052,29.914797,1.4192407,1.8775954,2.6646688,3.756669,28.116817,0.9306406,1.4783674,2.0619323,3.029607,16.164593,1.4022642,1.3005799,1.8716725,2.2416968,sub-20712_ses-3_run-01,sub-20712,ses-3,,,,,,run-01,
20721,1,ACPC,image,140.0,140.0,81.0,1.71429,1.71429,1.7,3000.0,0.921088,0.80394,1.478179,0.0,96.0,5862.94,95.0,116.0,101.0,1.7,1.7,1.7,3000.0,0.967874,0.893566,1.53355,0.0,96.0,6175.65,95.0,116.0,101.0,1.7,1.7,1.7,3000.0,0.964597,0.853051,1.892511,0.0,96.0,5651.54,0.4509433347845861,1.09708557435,0.0133592952,0.7610392664999999,0.0047901479989999,0.7832574137899999,0.0347187944740324,40.16844,11.129665,2.3714483,2.7160854,4.302342,37.968292,8.668881,1.9059838,2.1122146,3.567556,23.022566,7.387258,1.5470936,1.9489298,2.4659464,sub-20721_ses-1_run-01,sub-20721,ses-1,,,,,,run-01,
20721,2,ACPC,image,140.0,140.0,81.0,1.71429,1.71429,1.7,3000.0,0.898696,0.754847,1.487399,58.0,96.0,3170.72,95.0,116.0,101.0,1.7,1.7,1.7,3000.0,0.957646,0.860329,1.549532,0.0,96.0,6548.29,95.0,116.0,101.0,1.7,1.7,1.7,3000.0,0.956085,0.828299,1.735387,0.0,96.0,5488.49,0.7542013324495247,1.876847168725,0.0072813844309999,1.23369457,0.0085817470679999,1.5139095712,0.0375857224067486,30.27541,4.613893,1.7462909,2.2478802,3.4576104,28.341303,3.6439488,1.3686745,1.7011366,2.7800267,18.57381,2.7356331,1.1496326,1.6414741,2.048302,sub-20721_ses-2_run-01,sub-20721,ses-2,,,,,,run-01,
20721,3,ACPC,image,140.0,140.0,81.0,1.71429,1.71429,1.7,3000.0,0.920674,0.820044,1.415346,3.0,96.0,5218.63,95.0,116.0,101.0,1.7,1.7,1.7,3000.0,0.965816,0.896739,1.447765,0.0,96.0,5776.66,95.0,116.0,101.0,1.7,1.7,1.7,3000.0,0.96327,0.855259,1.904749,0.0,96.0,5448.26,0.4032452895997705,0.82704770829,0.01853943989,0.809392576,0.004701417055,0.5371982903,0.0459346830429242,30.667782,4.482293,2.084562,2.6430745,4.5079236,28.97105,3.3132415,1.6318542,1.9659834,3.6122088,17.903276,3.2484477,1.3972288,1.983837,2.699803,sub-20721_ses-3_run-01,sub-20721,ses-3,,,,,,run-01,
20724,1,ACPC,image,140.0,140.0,81.0,1.71429,1.71429,1.7,3000.0,0.918006,0.82283,1.344366,1.0,96.0,5552.07,95.0,116.0,101.0,1.7,1.7,1.7,3000.0,0.965393,0.907846,1.333619,0.0,96.0,6472.95,95.0,116.0,101.0,1.7,1.7,1.7,3000.0,0.963399,0.872121,1.578389,0.0,96.0,5026.89,0.4061404411589918,0.9393637166659,0.01095181052,0.5877817649,0.003803944681,0.7287412823,0.038214736149156,40.62477,3.3987675,2.0546834,2.6392763,3.8772252,38.25493,2.5486293,1.689809,2.0798898,3.2364779,22.530079,2.635394,1.354206,1.9091003,2.2915154,sub-20724_ses-1_run-01,sub-20724,ses-1,,,,,,run-01,
20794,1,ACPC,image,140.0,140.0,81.0,1.71429,1.71429,1.7,3000.0,0.892313,0.737496,1.35664,32.0,96.0,5616.82,95.0,116.0,101.0,1.7,1.7,1.7,3000.0,0.963562,0.888832,1.368948,0.0,96.0,7455.83,95.0,116.0,101.0,1.7,1.7,1.7,3000.0,0.959538,0.85169,1.581537,0.0,96.0,5485.63,1.1802282628951275,4.23342378615,0.06032013893,1.75947333,0.03195321746,1.0523801095,0.0363224858889206,25.61597,1.0356013,1.3590052,2.2143395,2.528809,23.62003,0.6400774,1.0064323,1.7358152,2.070554,15.466135,1.0922318,1.0762432,1.4902418,1.5145788,sub-20794_ses-1_run-01,sub-20794,ses-1,,,,,,run-01,
20812,2,ACPC,image,140.0,140.0,81.0,1.71429,1.71429,1.7,3000.0,0.824669,0.713539,1.054773,362.0,96.0,3790.42,95.0,116.0,101.0,1.7,1.7,1.7,3000.0,0.893057,0.766622,1.167504,1.0,96.0,4186.88,95.0,116.0,101.0,1.7,1.7,1.7,3000.0,0.890829,0.745832,1.178442,0.0,96.0,4391.52,1.0230518628906176,2.4070859932515,0.009504070505,1.144024667,0.010424414184,1.2414259207,0.0276941181672394,11.9594345,0.7675553,0.93340784,1.5498198,1.1866997,9.471717,0.45104787,0.6508829,1.2538782,0.9604613,9.570622,0.8966013,0.7644804,0.88885766,0.66574454,sub-20812_ses-2_run-01,sub-20812,ses-2,,,,,,run-01,
20812,3,ACPC,image,140.0,140.0,81.0,1.71429,1.71429,1.7,3000.0,0.858819,0.724948,1.434289,46.0,96.0,5042.85,95.0,116.0,101.0,1.7,1.7,1.7,3000.0,0.938676,0.872497,1.354709,0.0,96.0,6174.16,95.0,116.0,101.0,1.7,1.7,1.7,3000.0,0.944189,0.813751,1.849594,0.0,96.0,5503.17,0.7222995437309726,1.98562580731,0.02000703104,1.021795151,0.012379473544,0.9195522469,0.0264210177335435,27.296001,1.3471694,1.4433906,1.8717899,2.0428476,25.952112,0.9406772,1.0426068,1.435234,1.6421564,14.564872,1.2372295,1.145877,1.2930208,1.2330173,sub-20812_ses-3_acq-VARIANTObliquity_run-01,sub-20812,ses-3,,,acq-VARIANTObliquity,,,run-01,VARIANTObliquity
20818,1,ACPC,image,140.0,140.0,81.0,1.71429,1.71429,1.7,3000.0,0.921105,0.837161,1.328397,1.0,96.0,6685.73,95.0,116.0,101.0,1.7,1.7,1.7,3000.0,0.969318,0.923487,1.315686,0.0,96.0,5375.45,95.0,116.0,101.0,1.7,1.7,1.7,3000.0,0.963717,0.876902,1.550901,0.0,96.0,6904.87,0.4487579578113068,1.078435547036,0.002727928571,0.7038832483,0.0025542253282,0.7529345600999999,0.0264683403285144,41.576572,10.784889,2.3722477,2.7903862,5.0012755,39.05406,8.549169,1.9288948,2.1731799,4.1735973,22.58223,6.8494587,1.5171982,2.0472636,2.9054694,sub-20818_ses-1_run-01,sub-20818,ses-1,,,,,,run-01,
20818,2,ACPC,image,140.0,140.0,81.0,1.71429,1.71429,1.7,3000.0,0.875381,0.75121,1.404485,77.0,96.0,3788.08,95.0,116.0,101.0,1.7,1.7,1.7,3000.0,0.950062,0.869042,1.403251,0.0,96.0,4412.04,95.0,116.0,101.0,1.7,1.7,1.7,3000.0,0.945465,0.822785,1.554596,0.0,96.0,6080.35,0.5837267596930272,1.42832486687,0.00881382823,0.9052050522,0.0072255693379999,1.1384332235,0.0264424287210803,25.203356,6.726297,1.7542582,2.000228,3.4414146,23.14392,5.459214,1.3785331,1.5124998,2.7772455,15.024728,3.7832007,1.1309102,1.4777845,1.99526,sub-20818_ses-2_run-01,sub-20818,ses-2,,,,,,run-01,
20823,1,ACPC,image,140.0,140.0,81.0,1.71429,1.71429,1.7,3000.0,0.918969,0.782716,1.614498,6.0,96.0,3975.4,95.0,116.0,101.0,1.7,1.7,1.7,3000.0,0.967908,0.879218,1.709552,0.0,96.0,7369.2,95.0,116.0,101.0,1.7,1.7,1.7,3000.0,0.966791,0.849669,2.026697,0.0,96.0,5164.84,0.4305723112574618,1.004068261575,0.006569681689,0.5882797044,0.002415597439,0.7854909401000001,0.022115980459833,41.38669,12.190732,2.3599262,2.7317247,3.9960225,38.993477,9.745524,1.9751704,2.1895485,3.4163404,22.16736,7.863905,1.4458221,1.8881134,2.2041004,sub-20823_ses-1_run-01,sub-20823,ses-1,,,,,,run-01,
20823,2,ACPC,image,140.0,140.0,81.0,1.71429,1.71429,1.7,3000.0,0.928865,0.811308,1.573462,13.0,96.0,4256.03,95.0,116.0,101.0,1.7,1.7,1.7,3000.0,0.969716,0.891686,1.622755,0.0,96.0,7585.11,95.0,116.0,101.0,1.7,1.7,1.7,3000.0,0.969063,0.85864,2.062581,0.0,96.0,4880.42,0.3678984412151158,1.087829211975,0.00229162653,0.6492575765,0.0025173230099,0.8690455208000001,0.0402774350684775,41.42968,11.204234,2.4666083,2.81861,4.8783135,39.120834,9.049366,2.067436,2.2293644,4.1422963,23.07164,6.963814,1.5223408,1.9938533,2.7251244,sub-20823_ses-2_run-01,sub-20823,ses-2,,,,,,run-01,
20836,1,ACPC,image,140.0,140.0,81.0,1.71429,1.71429,1.7,3000.0,0.903568,0.765564,1.427959,6.0,96.0,7676.44,95.0,116.0,101.0,1.7,1.7,1.7,3000.0,0.967673,0.904672,1.418264,0.0,96.0,9133.1,95.0,116.0,101.0,1.7,1.7,1.7,3000.0,0.966443,0.878429,1.574208,0.0,96.0,8315.75,0.6906803203122195,3.394974082305,0.04561845213,1.364520306,0.030359605788,1.2770938756,0.038033759597223,26.929157,2.3057961,1.8911433,2.7290347,3.8114073,24.674707,1.665047,1.5172317,2.1965394,3.173625,15.8309555,1.9279733,1.2586445,1.8034652,2.1624436,sub-20836_ses-1_run-01,sub-20836,ses-1,,,,,,run-01,
20836,2,ACPC,image,140.0,140.0,81.0,1.71429,1.71429,1.7,3000.0,0.861084,0.673188,1.443509,1833.0,96.0,6073.92,95.0,116.0,101.0,1.7,1.7,1.7,3000.0,0.937666,0.808606,1.46699,0.0,96.0,6539.45,95.0,116.0,101.0,1.7,1.7,1.7,3000.0,0.939375,0.767719,1.791942,0.0,96.0,7287.11,1.0820312530502374,2.835114931305,0.0241663605,1.230362737,0.012487528382,1.7572838355,0.0437027740537995,19.103502,1.0402402,1.1233747,1.6937013,2.2522297,16.85446,0.68135583,0.8237622,1.2765679,1.7801232,13.127509,0.9666996,0.82992613,1.2019674,1.3720744,sub-20836_ses-2_run-01,sub-20836,ses-2,,,,,,run-01,
20842,1,ACPC,image,140.0,140.0,81.0,1.71429,1.71429,1.7,3000.0,0.914563,0.787159,1.459059,14.0,96.0,5798.71,95.0,116.0,101.0,1.7,1.7,1.7,3000.0,0.969323,0.910055,1.426298,0.0,96.0,5477.12,95.0,116.0,101.0,1.7,1.7,1.7,3000.0,0.965021,0.855074,1.851708,0.0,96.0,5954.84,0.472786870247198,1.12368102609,0.01758747734,1.51267431,0.0042363167709999,0.889265678,0.0286456825404394,37.53181,5.0802326,2.196322,2.9153082,4.8735995,35.36911,3.9196892,1.8104585,2.3252187,4.1013756,20.404905,3.6526787,1.3853747,1.9960814,2.6868854,sub-20842_ses-1_run-01,sub-20842,ses-1,,,,,,run-01,
20846,1,ACPC,image,140.0,140.0,81.0,1.71429,1.71429,1.7,3000.0,0.912085,0.772183,1.46152,12.0,96.0,5432.4,95.0,116.0,101.0,1.7,1.7,1.7,3000.0,0.967397,0.891441,1.476431,0.0,96.0,6886.65,95.0,116.0,101.0,1.7,1.7,1.7,3000.0,0.964685,0.83723,1.989597,0.0,96.0,6239.31,0.5802865833581294,1.5989573718480004,0.01347060222,1.099892638,0.006377040292,1.3529956886,0.0408327611491154,34.527107,2.744943,1.6916429,2.557957,3.7585468,32.80183,2.0586817,1.3687761,2.064446,3.15656,18.712341,2.112608,1.1226816,1.6835749,2.0684395,sub-20846_ses-1_run-01,sub-20846,ses-1,,,,,,run-01,
20849,1,ACPC,image,140.0,140.0,81.0,1.71429,1.71429,1.7,3000.0,0.907653,0.78404,1.299822,30.0,96.0,5138.48,95.0,116.0,101.0,1.7,1.7,1.7,3000.0,0.970634,0.918568,1.29388,0.0,96.0,6163.0,95.0,116.0,101.0,1.7,1.7,1.7,3000.0,0.965097,0.850719,1.797172,0.0,96.0,5764.14,0.7673186133811862,3.537472029150001,0.0681784898,1.226858311,0.04408507607,0.8221212371,0.046271563237803,30.971148,2.1782832,1.7662781,2.6105523,4.2034144,28.946156,1.6199638,1.4305105,2.088699,3.5452461,18.111967,1.7977074,1.193198,1.7602196,2.3487644,sub-20849_ses-1_run-01,sub-20849,ses-1,,,,,,run-01,
20855,1,ACPC,image,140.0,140.0,81.0,1.71429,1.71429,1.7,3000.0,0.903631,0.786422,1.484573,0.0,96.0,6334.21,95.0,116.0,101.0,1.7,1.7,1.7,3000.0,0.964146,0.902296,1.486075,0.0,96.0,7012.11,95.0,116.0,101.0,1.7,1.7,1.7,3000.0,0.959883,0.85561,1.938453,0.0,96.0,6409.89,0.375835697085297,0.9469883615135,0.03344558552,0.8549125829999998,0.00365279755,0.7248387419600001,0.0322130977420783,33.47454,3.4325533,2.1920552,2.9538152,4.538891,31.484695,2.4934134,1.7544571,2.303925,3.7448497,18.699924,2.7631342,1.46962,2.0866897,2.6523633,sub-20855_ses-1_run-01,sub-20855,ses-1,,,,,,run-01,
20860,1,ACPC,image,140.0,140.0,81.0,1.71429,1.71429,1.7,3000.0,0.910719,0.774792,1.545468,2.0,96.0,5600.18,95.0,116.0,101.0,1.7,1.7,1.7,3000.0,0.965246,0.884638,1.61854,0.0,96.0,8842.19,95.0,116.0,101.0,1.7,1.7,1.7,3000.0,0.973215,0.947856,1.156565,0.0,96.0,5702.49,0.4782451786975764,1.086542281946,0.02042767778,1.549163241,0.0029684177721,0.7794554267,0.0337620403399112,34.634403,2.6877584,2.2013733,2.7764637,4.302547,32.84883,1.9459956,1.7750678,2.1506796,3.5566158,19.283731,2.1760705,1.4321656,1.9682697,2.4882011,sub-20860_ses-1_run-01,sub-20860,ses-1,,,,,,run-01,
20865,1,ACPC,image,140.0,140.0,81.0,1.71429,1.71429,1.7,3000.0,0.839443,0.618896,1.350722,212.0,96.0,6773.93,95.0,116.0,101.0,1.7,1.7,1.7,3000.0,0.947665,0.840678,1.443534,0.0,96.0,7517.25,95.0,116.0,101.0,1.7,1.7,1.7,3000.0,0.948968,0.810882,1.674519,0.0,96.0,4755.1,1.6155240138804805,5.599812633050001,0.09795361012,3.869573193,0.05168555119,2.0356131084,0.0442437051604272,13.347491,0.98654,1.1220312,2.290087,2.3066878,10.593057,0.5916805,0.75221896,1.7527493,1.7925057,10.774896,1.0562029,0.9539318,1.4955542,1.4107609,sub-20865_ses-1_run-01,sub-20865,ses-1,,,,,,run-01,
20865,2,ACPC,image,140.0,140.0,81.0,1.71429,1.71429,1.7,3000.0,0.848214,0.664968,1.446011,241.0,96.0,4288.2,95.0,116.0,101.0,1.7,1.7,1.7,3000.0,0.941372,0.821569,1.506347,0.0,96.0,6211.94,95.0,116.0,101.0,1.7,1.7,1.7,3000.0,0.943259,0.795773,1.767503,0.0,96.0,5059.6,1.0978833568228925,2.71257917083,0.04555574059,1.608121124,0.0145969758739999,1.6191559212,0.0307344519066116,17.535976,1.2397239,1.2193586,1.8125325,2.1441448,15.607572,0.79623073,0.89609504,1.3612885,1.6816355,11.712405,1.1759136,0.90508384,1.2611535,1.3051597,sub-20865_ses-2_run-01,sub-20865,ses-2,,,,,,run-01,
20866,2,ACPC,image,140.0,140.0,81.0,1.71429,1.71429,1.7,3000.0,0.881701,0.736121,1.434496,301.0,96.0,4212.09,95.0,116.0,101.0,1.7,1.7,1.7,3000.0,0.949444,0.858601,1.418733,0.0,96.0,8161.81,95.0,116.0,101.0,1.7,1.7,1.7,3000.0,0.945404,0.812504,1.670691,0.0,96.0,6535.69,0.7950404540977452,1.868322114412,0.01109658275,1.073487867,0.008361806862,1.5246650757,0.0327055851175533,22.81118,2.2063324,1.3093154,1.8218329,2.440759,21.164894,1.65658,0.9900371,1.3692092,1.9519093,14.140285,1.5091112,0.9157137,1.3041128,1.4443451,sub-20866_ses-2_run-01,sub-20866,ses-2,,,,,,run-01,
20902,1,ACPC,image,140.0,140.0,81.0,1.71429,1.71429,1.7,3000.0,0.910198,0.807253,1.387082,1.0,96.0,5453.32,95.0,116.0,101.0,1.7,1.7,1.7,3000.0,0.964877,0.90869,1.37082,0.0,96.0,6677.03,95.0,116.0,101.0,1.7,1.7,1.7,3000.0,0.956946,0.850822,1.56381,0.0,96.0,6991.17,0.3820744640459216,1.019952178655,0.005867280532,0.6869734329,0.003607169026,0.7652044953,0.0383688319563404,39.098957,2.9788756,2.0421636,2.4528787,3.849138,36.74172,2.218088,1.6685799,1.9210274,3.201327,21.043177,2.314588,1.3082073,1.7377486,2.2248318,sub-20902_ses-1_run-01,sub-20902,ses-1,,,,,,run-01,
20902,2,ACPC,image,140.0,140.0,81.0,1.71429,1.71429,1.7,3000.0,0.877864,0.717855,1.452915,378.0,96.0,5131.64,95.0,116.0,101.0,1.7,1.7,1.7,3000.0,0.948763,0.856319,1.398925,0.0,96.0,7558.31,95.0,116.0,101.0,1.7,1.7,1.7,3000.0,0.943614,0.808444,1.589873,0.0,96.0,5771.69,0.8446301461952197,2.11901786305,0.0136249382,1.223077429,0.008108695033,1.5812550133,0.0401218739630154,23.993301,2.597242,1.3963321,1.9573469,2.9027505,21.749287,2.0417705,1.097911,1.4945741,2.3486886,15.204148,1.568042,0.9127738,1.3862076,1.683494,sub-20902_ses-2_run-01,sub-20902,ses-2,,,,,,run-01,
20902,3,ACPC,image,140.0,140.0,81.0,1.71429,1.71429,1.7,3000.0,0.905157,0.82201,1.378579,0.0,96.0,4886.15,95.0,116.0,101.0,1.7,1.7,1.7,3000.0,0.961462,0.901431,1.384272,0.0,96.0,8143.02,95.0,116.0,101.0,1.7,1.7,1.7,3000.0,0.957247,0.859731,1.603393,0.0,96.0,5929.74,0.3567839294865647,0.765692439785,0.007063621655,0.5805976213,0.002753853797,0.59597411823,0.0315102712375325,30.990433,2.2826464,1.8108357,2.3174832,3.2754757,28.903877,1.6134696,1.4408858,1.7849566,2.657967,17.589525,1.9211224,1.2240807,1.6640747,1.965351,sub-20902_ses-3_acq-VARIANTObliquity_run-01,sub-20902,ses-3,,,acq-VARIANTObliquity,,,run-01,VARIANTObliquity
20916,1,ACPC,image,140.0,140.0,81.0,1.71429,1.71429,1.7,3000.0,0.762328,0.485285,1.233002,1898.0,96.0,13967.7,95.0,116.0,101.0,1.7,1.7,1.7,3000.0,0.87409,0.665745,1.25553,67.0,96.0,11294.2,95.0,116.0,101.0,1.7,1.7,1.7,3000.0,0.876802,0.600204,1.46444,75.0,96.0,12187.7,2.9738763919117948,8.199286845745,0.05393087491,5.917491827,0.03096675593,4.52214061096,0.0842279159076969,4.637096,0.44039804,0.5615613,0.9228478,0.91844195,3.9160693,0.27563563,0.41702506,0.7746698,0.7889221,3.3138983,0.48859435,0.41231892,0.47293812,0.416957,sub-20916_ses-1_run-01,sub-20916,ses-1,,,,,,run-01,
20916,2,ACPC,image,140.0,140.0,81.0,1.71429,1.71429,1.7,3000.0,0.889628,0.772158,1.355547,10.0,96.0,7609.87,95.0,116.0,101.0,1.7,1.7,1.7,3000.0,0.957175,0.884597,1.374579,0.0,96.0,8389.52,95.0,116.0,101.0,1.7,1.7,1.7,3000.0,0.955962,0.846905,1.637517,0.0,96.0,6824.74,0.5116188042831352,1.55966541593,0.04195594415,1.092663396,0.01688455045,0.5252267988000001,0.0414977381436595,27.28693,1.7556925,1.5213526,2.1440387,3.1840646,25.549812,1.2546365,1.2194648,1.7081745,2.655698,15.20845,1.5141424,1.0280155,1.4450048,1.7918091,sub-20916_ses-2_run-01,sub-20916,ses-2,,,,,,run-01,
20916,3,ACPC,image,140.0,140.0,81.0,1.71429,1.71429,1.7,3000.0,0.892389,0.78759,1.374761,0.0,96.0,5939.63,95.0,116.0,101.0,1.7,1.7,1.7,3000.0,0.957739,0.882288,1.404074,0.0,96.0,8404.14,95.0,116.0,101.0,1.7,1.7,1.7,3000.0,0.956779,0.851446,1.567025,0.0,96.0,6097.01,0.5033819897343726,1.502871702583,0.0107344212,0.8597198322,0.004546115408,0.6634186693,0.0313416395224187,29.458637,1.3289875,1.4921168,2.151131,2.6912215,27.58293,0.9428371,1.1629372,1.7127364,2.23973,16.626007,1.2318116,1.0917794,1.4636892,1.5750464,sub-20916_ses-3_run-01,sub-20916,ses-3,,,,,,run-01,
20918,1,ACPC,image,140.0,140.0,81.0,1.71429,1.71429,1.7,3000.0,0.910201,0.773075,1.450275,65.0,96.0,6546.13,95.0,116.0,101.0,1.7,1.7,1.7,3000.0,0.964186,0.885875,1.464171,0.0,96.0,7371.22,95.0,116.0,101.0,1.7,1.7,1.7,3000.0,0.962511,0.850354,1.756918,0.0,96.0,7143.86,0.5580875096170047,1.3310947290489998,0.03258594498,0.7074281516,0.01066175755,0.8461744163,0.0310841033488317,28.713482,1.5555004,1.577818,2.4144413,3.180146,26.401731,1.1137655,1.249726,1.955253,2.698796,17.2399,1.4344071,1.1334296,1.6014752,1.8137934,sub-20918_ses-1_run-01,sub-20918,ses-1,,,,,,run-01,
20919,1,ACPC,image,140.0,140.0,81.0,1.71429,1.71429,1.7,3000.0,0.915042,0.780125,1.475086,39.0,96.0,6484.13,95.0,116.0,101.0,1.7,1.7,1.7,3000.0,0.964289,0.882265,1.480674,0.0,96.0,6658.21,95.0,116.0,101.0,1.7,1.7,1.7,3000.0,0.962106,0.838326,1.883543,0.0,96.0,6852.99,0.5696718506618892,1.3247727895215,0.009255986661,0.7370502264999998,0.004240618088,0.8873537834,0.0284132774469421,35.53434,2.3224888,1.7977371,2.4116116,3.7652543,33.589233,1.6749499,1.4463193,1.8923327,3.1594343,20.414942,1.9417424,1.2093074,1.7032566,2.1436665,sub-20919_ses-1_run-01,sub-20919,ses-1,,,,,,run-01,
20923,1,ACPC,image,140.0,140.0,81.0,1.71429,1.71429,1.7,3000.0,0.854634,0.623383,1.453504,575.0,96.0,5035.01,95.0,116.0,101.0,1.7,1.7,1.7,3000.0,0.9573,0.8471,1.546192,0.0,96.0,8937.74,95.0,116.0,101.0,1.7,1.7,1.7,3000.0,0.956201,0.795493,2.025883,0.0,96.0,5831.86,1.095184240933741,5.921415157799999,0.08580714464,5.165388546,0.058129662763,1.8538195482,0.0322570524555549,17.470896,1.1353137,0.96823424,1.7790478,2.683435,14.580885,0.759393,0.65016955,1.4283953,2.2602346,13.254836,1.1051297,0.87443334,1.1868873,1.4876715,sub-20923_ses-1_run-01,sub-20923,ses-1,,,,,,run-01,
20923,2,ACPC,image,140.0,140.0,81.0,1.71429,1.71429,1.7,3000.0,0.866465,0.669972,1.463249,1736.0,96.0,3767.12,95.0,116.0,101.0,1.7,1.7,1.7,3000.0,0.939164,0.793725,1.539069,0.0,96.0,6378.24,95.0,116.0,101.0,1.7,1.7,1.7,3000.0,0.942919,0.758957,1.923452,0.0,96.0,7227.99,0.9996974572262528,2.352771120157,0.01686919853,1.174170088,0.010523450445,1.6791588294,0.0374085933241012,21.065626,1.1920284,1.0467855,1.69709,2.2878034,18.454025,0.80603504,0.78411984,1.3112931,1.8574879,14.883056,1.0786339,0.78512925,1.1825544,1.3553822,sub-20923_ses-2_run-01,sub-20923,ses-2,,,,,,run-01,
20934,1,ACPC,image,140.0,140.0,81.0,1.71429,1.71429,1.7,3000.0,0.914333,0.781888,1.425548,16.0,96.0,5675.33,95.0,116.0,101.0,1.7,1.7,1.7,3000.0,0.968756,0.89831,1.415938,0.0,96.0,8071.64,95.0,116.0,101.0,1.7,1.7,1.7,3000.0,0.966185,0.846986,1.859786,0.0,96.0,8024.6,0.7790994277783139,2.1763242379499994,0.02724697627,0.6151790198,0.01706898585,0.9578458492,0.0314690253581758,33.23589,2.4250946,1.8104311,2.5608509,3.9251416,31.222363,1.8431425,1.5043327,2.089826,3.351716,19.524656,1.8713917,1.1752795,1.7256275,2.1876488,sub-20934_ses-1_run-01,sub-20934,ses-1,,,,,,run-01,
20936,1,ACPC,image,140.0,140.0,81.0,1.71429,1.71429,1.7,3000.0,0.900841,0.762738,1.319538,51.0,96.0,4410.11,95.0,116.0,101.0,1.7,1.7,1.7,3000.0,0.970469,0.914418,1.327032,0.0,96.0,4483.2,95.0,116.0,101.0,1.7,1.7,1.7,3000.0,0.966049,0.843675,1.936981,0.0,96.0,6207.98,0.9100322472418236,3.3994158490500004,0.046098575,1.526138907,0.037512861196,1.1249598937,0.0409765154799136,32.094696,2.5958204,2.095324,2.585542,4.43342,30.333359,1.887605,1.6895993,2.031414,3.6843362,17.981043,2.0454986,1.3446994,1.8127047,2.473388,sub-20936_ses-1_run-01,sub-20936,ses-1,,,,,,run-01,
20936,2,ACPC,image,140.0,140.0,81.0,1.71429,1.71429,1.7,3000.0,0.857491,0.658669,1.377227,1884.0,96.0,4951.75,95.0,116.0,101.0,1.7,1.7,1.7,3000.0,0.943437,0.82482,1.372921,8.0,96.0,5354.8,95.0,116.0,101.0,1.7,1.7,1.7,3000.0,0.942814,0.759722,1.799734,0.0,96.0,5724.47,1.344354223930749,3.47030628128,0.04611040279,2.235713219,0.0199763430319999,3.0999207876,0.029675242638531,16.600399,1.1958756,0.9912561,1.5373609,2.1842947,14.604627,0.8449295,0.73104376,1.1724476,1.7458003,11.34576,0.96469957,0.72963333,1.0666757,1.2750031,sub-20936_ses-2_run-01,sub-20936,ses-2,,,,,,run-01,
20936,3,ACPC,image,140.0,140.0,81.0,1.71429,1.71429,1.7,3000.0,0.92577,0.819666,1.437562,0.0,96.0,5568.39,95.0,116.0,101.0,1.7,1.7,1.7,3000.0,0.9692,0.900934,1.46048,0.0,96.0,5295.79,95.0,116.0,101.0,1.7,1.7,1.7,3000.0,0.966479,0.860071,1.864285,0.0,96.0,5876.13,0.4370411483418725,0.95885531775,0.0235247612,0.6262205319,0.0069741103840001,0.4328365301,0.0421286914444148,32.334446,1.6220487,1.8029604,2.5094697,3.6177943,30.498089,1.1417344,1.4195395,1.9670255,2.9969225,18.098568,1.4985304,1.2588985,1.7380246,2.0915062,sub-20936_ses-3_run-01,sub-20936,ses-3,,,,,,run-01,
20953,1,ACPC,image,140.0,140.0,81.0,1.71429,1.71429,1.7,3000.0,0.908951,0.80545,1.350183,12.0,96.0,6217.82,95.0,116.0,101.0,1.7,1.7,1.7,3000.0,0.965,0.898224,1.403919,0.0,96.0,8335.43,95.0,116.0,101.0,1.7,1.7,1.7,3000.0,0.963283,0.865065,1.610682,0.0,96.0,7050.25,0.3588927657015256,0.84765212215,0.002458617557,0.7009350791,0.0027002993594,0.7395845738,0.0382627637680846,36.91973,6.066627,1.9767358,2.4194171,3.6153946,34.620667,4.7446055,1.628104,1.9381626,3.055733,20.948908,3.9844913,1.2470701,1.6814594,2.0641026,sub-20953_ses-1_run-01,sub-20953,ses-1,,,,,,run-01,
20953,2,ACPC,image,140.0,140.0,81.0,1.71429,1.71429,1.7,3000.0,0.909675,0.816257,1.335826,10.0,96.0,6228.95,95.0,116.0,101.0,1.7,1.7,1.7,3000.0,0.961519,0.897626,1.360001,0.0,96.0,8453.74,95.0,116.0,101.0,1.7,1.7,1.7,3000.0,0.958609,0.870855,1.48489,0.0,96.0,7454.36,0.5127181243253922,2.61233626328,0.01988682151,0.9720751827,0.015322427267,0.8467518695399998,0.0342633000051058,28.21089,1.921437,1.6172607,2.3468385,3.4758685,26.307278,1.3440646,1.2829517,1.8677548,2.9000473,16.496235,1.7183001,1.13448,1.6108754,2.0140657,sub-20953_ses-2_run-01,sub-20953,ses-2,,,,,,run-01,
20961,1,ACPC,image,140.0,140.0,81.0,1.71429,1.71429,1.7,3000.0,0.919018,0.80568,1.439064,10.0,96.0,6849.66,95.0,116.0,101.0,1.7,1.7,1.7,3000.0,0.967531,0.898002,1.4857,0.0,96.0,7779.96,95.0,116.0,101.0,1.7,1.7,1.7,3000.0,0.963624,0.845463,2.070147,0.0,96.0,7536.77,0.4542882102334923,1.5132020401149997,0.0079677151519999,0.5687742896,0.0058923915499999,0.7089156079,0.0323320093301239,38.10017,7.5465245,1.9858493,2.5369365,4.4967875,36.052086,5.916633,1.5687609,1.9676726,3.7266386,21.476643,4.7976913,1.3360145,1.8494626,2.595243,sub-20961_ses-1_run-01,sub-20961,ses-1,,,,,,run-01,
20961,2,ACPC,image,140.0,140.0,81.0,1.71429,1.71429,1.7,3000.0,0.871168,0.702112,1.352584,175.0,96.0,5882.53,95.0,116.0,101.0,1.7,1.7,1.7,3000.0,0.959605,0.879665,1.478577,0.0,96.0,7940.19,95.0,116.0,101.0,1.7,1.7,1.7,3000.0,0.956712,0.830634,1.967765,0.0,96.0,8456.57,1.020762150244853,4.493634353439999,0.05727230385,3.642568263,0.024423011117,1.6548044186900002,0.0450851945759309,22.137526,1.1519016,1.4607375,2.8011587,3.290728,20.156492,0.774737,1.0234797,2.1550703,2.607863,14.341372,1.0980898,1.1739032,1.8703852,1.9465082,sub-20961_ses-2_run-01,sub-20961,ses-2,,,,,,run-01,
20964,1,ACPC,image,140.0,140.0,81.0,1.71429,1.71429,1.7,3000.0,0.896616,0.764601,1.324985,28.0,96.0,5553.96,95.0,116.0,101.0,1.7,1.7,1.7,3000.0,0.962666,0.898781,1.300135,0.0,96.0,8200.05,95.0,116.0,101.0,1.7,1.7,1.7,3000.0,0.959507,0.827307,1.793673,0.0,96.0,8740.0,0.781380673667833,2.5793827313050004,0.02827711962,1.405089318,0.0122296401531,1.7751982026,0.0366470183111222,26.472813,1.0819141,1.2410363,1.8839202,2.3936622,24.37222,0.7328743,0.9315586,1.5336483,2.0430799,15.657818,1.0578305,0.96985424,1.2077914,1.3181489,sub-20964_ses-1_acq-VARIANTObliquity_run-01,sub-20964,ses-1,,,acq-VARIANTObliquity,,,run-01,VARIANTObliquity
20966,1,ACPC,image,140.0,140.0,81.0,1.71429,1.71429,1.7,3000.0,0.887933,0.723183,1.564893,68.0,96.0,4879.89,95.0,116.0,101.0,1.7,1.7,1.7,3000.0,0.957568,0.859302,1.673424,0.0,96.0,7643.36,95.0,116.0,101.0,1.7,1.7,1.7,3000.0,0.957815,0.832192,2.007789,0.0,96.0,6326.74,0.8553710055699963,2.8271911227000004,0.03096552007,1.22431636,0.020558469,1.3466943594,0.0296750981846145,27.940487,2.8302112,1.7089167,2.5044572,3.4803026,26.359463,2.040406,1.3123666,1.9211873,2.8214684,15.8146715,2.240394,1.1991336,1.7721788,2.0320787,sub-20966_ses-1_run-01,sub-20966,ses-1,,,,,,run-01,
20966,2,ACPC,image,140.0,140.0,81.0,1.71429,1.71429,1.7,3000.0,0.890637,0.735235,1.532122,217.0,96.0,4369.74,95.0,116.0,101.0,1.7,1.7,1.7,3000.0,0.952952,0.85308,1.563466,0.0,96.0,6833.5,95.0,116.0,101.0,1.7,1.7,1.7,3000.0,0.952861,0.82318,1.862498,0.0,96.0,6597.27,0.8072315543186147,1.872885327365,0.01100356784,1.032860441,0.007102421716,1.4014669046,0.0286546412752346,25.70069,1.9787296,1.5502583,2.2531488,2.9357774,23.677137,1.399359,1.1867908,1.7194742,2.3747783,15.980704,1.5829967,1.0852581,1.6092297,1.7565701,sub-20966_ses-2_run-01,sub-20966,ses-2,,,,,,run-01,
20966,3,ACPC,image,140.0,140.0,81.0,1.71429,1.71429,1.7,3000.0,0.92378,0.829562,1.510897,4.0,96.0,4199.37,95.0,116.0,101.0,1.7,1.7,1.7,3000.0,0.964701,0.88543,1.607491,0.0,96.0,6610.79,95.0,116.0,101.0,1.7,1.7,1.7,3000.0,0.964071,0.860928,1.903043,0.0,96.0,5971.78,0.3586542182723556,0.8419334362889999,0.003879676806,0.6137187144,0.0019812480314999,0.6645990346,0.0312194477014233,37.443707,4.4879866,2.2426348,2.780146,5.5335064,35.211483,3.3732443,1.8112135,2.1325552,4.5578837,20.763506,3.345451,1.488638,2.044593,3.2160175,sub-20966_ses-3_run-01,sub-20966,ses-3,,,,,,run-01,
20968,1,ACPC,image,140.0,140.0,81.0,1.71429,1.71429,1.7,3000.0,0.904629,0.77931,1.44197,6.0,96.0,6031.26,95.0,116.0,101.0,1.7,1.7,1.7,3000.0,0.96172,0.889781,1.456257,0.0,96.0,6549.07,95.0,116.0,101.0,1.7,1.7,1.7,3000.0,0.960774,0.852578,1.770129,0.0,96.0,6812.31,0.5490251901157205,1.4582350373264998,0.01123675704,0.9851402794,0.011687236838,1.2270415488,0.0322525213392154,31.850485,3.434697,1.8995848,2.3508937,3.6792336,30.079681,2.5234072,1.4904025,1.7770355,2.976277,18.045822,2.5745218,1.2873174,1.7332857,2.187825,sub-20968_ses-1_run-01,sub-20968,ses-1,,,,,,run-01,
20968,2,ACPC,image,140.0,140.0,81.0,1.71429,1.71429,1.7,3000.0,0.864022,0.670667,1.485081,1237.0,96.0,5746.69,95.0,116.0,101.0,1.7,1.7,1.7,3000.0,0.940513,0.814975,1.51538,0.0,96.0,8037.83,95.0,116.0,101.0,1.7,1.7,1.7,3000.0,0.945405,0.787126,1.817209,0.0,96.0,6240.06,1.3977061259410568,3.46896027652,0.01615921222,1.694486683,0.013662915216,2.3862772028,0.0324155050126909,17.444656,1.1267436,1.0857265,1.6279576,2.0197744,15.015501,0.6973575,0.7832892,1.239106,1.6037446,12.463722,1.1736583,0.875119,1.1425073,1.2283225,sub-20968_ses-2_run-01,sub-20968,ses-2,,,,,,run-01,
20968,3,ACPC,image,140.0,140.0,81.0,1.71429,1.71429,1.7,3000.0,0.906967,0.780783,1.488395,0.0,96.0,6417.84,95.0,116.0,101.0,1.7,1.7,1.7,3000.0,0.961887,0.88169,1.551798,0.0,96.0,6472.53,95.0,116.0,101.0,1.7,1.7,1.7,3000.0,0.962128,0.854763,1.843197,0.0,96.0,5826.74,0.4736526696493748,1.205447415995,0.005389646161,0.7824569209999999,0.002337109646,1.0955872688,0.0282649627370525,28.656263,2.9896116,1.9597683,2.4754229,3.9328494,26.439041,2.186218,1.5486939,1.8677179,3.1560636,17.570616,2.3267424,1.3279572,1.8501444,2.374458,sub-20968_ses-3_run-01,sub-20968,ses-3,,,,,,run-01,
20976,1,ACPC,image,140.0,140.0,81.0,1.71429,1.71429,1.7,3000.0,0.914625,0.798593,1.39927,33.0,96.0,6226.49,95.0,116.0,101.0,1.7,1.7,1.7,3000.0,0.965729,0.903907,1.386299,0.0,96.0,6111.58,95.0,116.0,101.0,1.7,1.7,1.7,3000.0,0.961259,0.84849,1.887709,0.0,96.0,5890.97,0.4888553933141548,1.24891912851,0.009899300523,0.7100024882,0.007012688787,0.72356306947,0.0423194293345074,34.46263,2.103058,1.7462391,2.3372989,3.5386271,32.420177,1.5050138,1.4101342,1.856527,2.9578104,19.986591,1.8049291,1.165577,1.6095583,2.0410523,sub-20976_ses-1_run-01,sub-20976,ses-1,,,,,,run-01,
20976,2,ACPC,image,140.0,140.0,81.0,1.71429,1.71429,1.7,3000.0,0.899923,0.75761,1.422782,340.0,96.0,4559.39,95.0,116.0,101.0,1.7,1.7,1.7,3000.0,0.95676,0.876073,1.415975,0.0,96.0,7965.26,95.0,116.0,101.0,1.7,1.7,1.7,3000.0,0.953591,0.821465,1.850345,0.0,96.0,7320.59,0.8448139915232833,1.716901960577,0.01779025421,0.9894163871,0.0082919932889999,1.3639401153,0.0438633222405178,26.68625,3.0842586,1.6108794,2.35411,3.7775207,24.69693,2.397492,1.2632811,1.8065587,3.086232,16.8592,1.9311527,1.0583298,1.6632288,2.1679695,sub-20976_ses-2_run-01,sub-20976,ses-2,,,,,,run-01,
20976,3,ACPC,image,140.0,140.0,81.0,1.71429,1.71429,1.7,3000.0,0.919422,0.829926,1.364071,26.0,96.0,5932.49,95.0,116.0,101.0,1.7,1.7,1.7,3000.0,0.966688,0.912362,1.367371,0.0,96.0,6345.79,95.0,116.0,101.0,1.7,1.7,1.7,3000.0,0.961411,0.856501,1.881271,0.0,96.0,6773.71,0.4807429119118647,1.849561208905,0.01114861574,0.6036640754,0.008381517604,0.7209729048,0.0295311023739642,33.990284,2.05217,1.8636788,2.5604868,4.3552423,31.984516,1.4004682,1.4713943,1.9643421,3.5496616,20.15918,1.910094,1.2928296,1.8676755,2.5918343,sub-20976_ses-3_acq-VARIANTObliquity_run-01,sub-20976,ses-3,,,acq-VARIANTObliquity,,,run-01,VARIANTObliquity
20983,1,ACPC,image,140.0,140.0,81.0,1.71429,1.71429,1.7,3000.0,0.910324,0.779242,1.401202,35.0,96.0,5074.27,95.0,116.0,101.0,1.7,1.7,1.7,3000.0,0.965972,0.890529,1.471905,0.0,96.0,7305.52,95.0,116.0,101.0,1.7,1.7,1.7,3000.0,0.96222,0.831996,2.011184,0.0,96.0,6507.51,0.6684232207898432,2.973962854421,0.03857136518,1.700722691,0.020481766203,1.1835454433,0.0307634074299339,28.305256,3.8881977,2.018129,2.4762604,4.1007857,26.37445,2.9843128,1.6313474,1.9405303,3.406127,16.801447,2.7570999,1.2893702,1.7137344,2.286167,sub-20983_ses-1_run-01,sub-20983,ses-1,,,,,,run-01,
20983,2,ACPC,image,140.0,140.0,81.0,1.71429,1.71429,1.7,3000.0,0.916309,0.79645,1.521293,16.0,96.0,7390.29,95.0,116.0,101.0,1.7,1.7,1.7,3000.0,0.964797,0.881003,1.608167,0.0,96.0,8490.47,95.0,116.0,101.0,1.7,1.7,1.7,3000.0,0.962727,0.842786,2.005797,0.0,96.0,7008.85,0.4330274068075931,1.01239650249,0.01358007826,0.6845272168,0.003010719549,0.8089695324999999,0.0378174534870984,33.408543,3.0732863,1.9819248,2.6796052,4.6666055,31.567652,2.2603667,1.5780094,2.071169,3.830696,18.92099,2.3784537,1.328338,1.9064182,2.6828797,sub-20983_ses-2_run-01,sub-20983,ses-2,,,,,,run-01,
21023,1,ACPC,image,140.0,140.0,81.0,1.71429,1.71429,1.7,3000.0,0.893002,0.746732,1.40017,3.0,96.0,5515.26,95.0,116.0,101.0,1.7,1.7,1.7,3000.0,0.959029,0.881285,1.404756,0.0,96.0,8917.6,95.0,116.0,101.0,1.7,1.7,1.7,3000.0,0.957144,0.8316,1.749354,0.0,96.0,5729.27,0.572126594137897,1.399197051396,0.0105283279,1.196463361,0.0030502679291,1.2209408996,0.0393657641860948,29.468645,3.8181417,1.7575046,2.0580454,3.0124135,27.82448,3.0973537,1.4415845,1.649421,2.5441432,15.876057,2.2392552,1.0655242,1.3760995,1.6560313,sub-21023_ses-1_run-01,sub-21023,ses-1,,,,,,run-01,
21023,2,ACPC,image,140.0,140.0,81.0,1.71429,1.71429,1.7,3000.0,0.88652,0.752535,1.333888,180.0,96.0,4426.17,95.0,116.0,101.0,1.7,1.7,1.7,3000.0,0.948059,0.878163,1.281365,0.0,96.0,5943.21,95.0,116.0,101.0,1.7,1.7,1.7,3000.0,0.943813,0.805456,1.612765,0.0,96.0,7033.72,0.801899846693858,1.837816734855,0.0084391776469999,1.116670353,0.006112457486,1.4224935938,0.0294924720219523,25.26237,1.9705914,1.3719087,1.9676358,2.3739016,23.15351,1.5402219,1.091351,1.5395502,1.9595953,15.6538105,1.2621592,0.86820775,1.3296609,1.3750596,sub-21023_ses-2_run-01,sub-21023,ses-2,,,,,,run-01,
21035,1,ACPC,image,140.0,140.0,81.0,1.71429,1.71429,1.7,3000.0,0.919999,0.796838,1.514382,27.0,96.0,6375.24,95.0,116.0,101.0,1.7,1.7,1.7,3000.0,0.9688,0.894378,1.556486,0.0,96.0,6471.6,95.0,116.0,101.0,1.7,1.7,1.7,3000.0,0.965909,0.85355,1.987379,0.0,96.0,5938.93,0.4838571104392078,1.689658937524,0.01112773083,0.6905771003,0.011323018465,0.9231278754,0.0353734451846423,39.367805,13.378598,2.4693296,2.550463,6.358037,37.159645,10.684535,2.049651,1.9999903,5.361927,21.916315,8.587802,1.5494574,1.8559371,3.5334973,sub-21035_ses-1_run-01,sub-21035,ses-1,,,,,,run-01,
21035,2,ACPC,image,140.0,140.0,81.0,1.71429,1.71429,1.7,3000.0,0.872542,0.688303,1.496227,1276.0,96.0,6051.91,95.0,116.0,101.0,1.7,1.7,1.7,3000.0,0.942209,0.813744,1.525648,0.0,96.0,8059.64,95.0,116.0,101.0,1.7,1.7,1.7,3000.0,0.942007,0.776362,1.886413,0.0,96.0,7289.12,0.8784064108956373,1.85479093828,0.02758296207,0.8594332709,0.0136732943399999,1.2046370416,0.0280934127920775,18.054066,1.9028672,1.394308,1.932665,2.5769532,15.780344,1.4321117,1.0438514,1.4514849,2.0517945,12.456721,1.3471026,0.98132014,1.4046481,1.5538238,sub-21035_ses-2_run-01,sub-21035,ses-2,,,,,,run-01,
21035,3,ACPC,image,140.0,140.0,81.0,1.71429,1.71429,1.7,3000.0,0.930625,0.828534,1.494115,1.0,96.0,6086.67,95.0,116.0,101.0,1.7,1.7,1.7,3000.0,0.970799,0.908405,1.490907,0.0,96.0,6064.92,95.0,116.0,101.0,1.7,1.7,1.7,3000.0,0.967537,0.872026,1.866439,0.0,96.0,6164.08,0.3615537979530313,0.955117110649,0.009014357813,0.7349693538999998,0.0020745983349999,0.7658379124199999,0.0216358578459613,37.229237,6.399622,2.3403788,3.0566723,6.9202685,35.002975,4.8272104,1.8815259,2.3408484,5.710587,21.679148,4.6109257,1.5775241,2.2953203,4.07767,sub-21035_ses-3_run-01,sub-21035,ses-3,,,,,,run-01,
21038,1,ACPC,image,140.0,140.0,81.0,1.71429,1.71429,1.7,3000.0,0.903308,0.775076,1.470638,26.0,96.0,6643.38,95.0,116.0,101.0,1.7,1.7,1.7,3000.0,0.962736,0.886011,1.491712,0.0,96.0,7005.51,95.0,116.0,101.0,1.7,1.7,1.7,3000.0,0.961754,0.857124,1.746592,0.0,96.0,6975.62,0.703333018987848,1.6972465881906502,0.01567356847,1.517862885,0.013564925641,1.0169433906,0.0255862047644848,28.591776,2.3731194,1.656663,2.4889169,4.3495035,26.70485,1.6436954,1.2606946,1.8973612,3.4903345,16.130814,2.0291903,1.1982965,1.7926781,2.5794454,sub-21038_ses-1_run-01,sub-21038,ses-1,,,,,,run-01,
21038,2,ACPC,image,140.0,140.0,81.0,1.71429,1.71429,1.7,3000.0,0.881051,0.737821,1.430416,164.0,96.0,6548.36,95.0,116.0,101.0,1.7,1.7,1.7,3000.0,0.951069,0.858537,1.456569,0.0,96.0,6488.51,95.0,116.0,101.0,1.7,1.7,1.7,3000.0,0.949396,0.822388,1.715337,0.0,96.0,7058.09,0.7053996836866805,1.8964926813150005,0.02090446837,1.022664647,0.0049667826974,1.4982625134,0.0217326090217228,22.88335,2.5433335,1.5243918,1.8898783,2.7544365,21.141256,1.8832684,1.1513927,1.3986073,2.178585,14.055082,1.7884607,1.049208,1.4090548,1.6755722,sub-21038_ses-2_run-01,sub-21038,ses-2,,,,,,run-01,
21050,1,ACPC,image,140.0,140.0,81.0,1.71429,1.71429,1.7,3000.0,0.901465,0.784742,1.379872,55.0,96.0,6593.24,95.0,116.0,101.0,1.7,1.7,1.7,3000.0,0.96304,0.906519,1.341086,0.0,96.0,7624.71,95.0,116.0,101.0,1.7,1.7,1.7,3000.0,0.955806,0.831824,1.802092,0.0,96.0,6329.6,0.7873788439352822,5.3307021918,0.04152947664,0.8348970483,0.05614169314,1.2385857142,0.0448796751601847,34.349102,1.3983324,1.3317894,2.1198802,2.782059,32.44698,1.0235419,1.02134,1.7228993,2.3355076,18.695492,1.2580415,1.0111771,1.3748966,1.5931987,sub-21050_ses-1_run-01,sub-21050,ses-1,,,,,,run-01,
21088,1,ACPC,image,140.0,140.0,81.0,1.71429,1.71429,1.7,3000.0,0.898848,0.786296,1.320839,3.0,96.0,6844.06,95.0,116.0,101.0,1.7,1.7,1.7,3000.0,0.960881,0.903689,1.293263,0.0,96.0,5465.99,95.0,116.0,101.0,1.7,1.7,1.7,3000.0,0.95776,0.859695,1.574011,0.0,96.0,4886.7,0.7007319409411783,1.4411537640470002,0.02474159375,0.9907581692,0.007887946326,0.8892862191,0.0380931135838757,31.724401,3.4357367,1.9123104,2.3328712,2.9907236,29.526102,2.540567,1.5072292,1.8065149,2.4340775,18.024204,2.6009018,1.2873738,1.6708217,1.7965205,sub-21088_ses-1_run-01,sub-21088,ses-1,,,,,,run-01,
21095,1,ACPC,image,140.0,140.0,81.0,1.71429,1.71429,1.7,3000.0,0.887738,0.717942,1.493272,11.0,96.0,5142.5,95.0,116.0,101.0,1.7,1.7,1.7,3000.0,0.960246,0.869478,1.601487,0.0,96.0,5265.81,95.0,116.0,101.0,1.7,1.7,1.7,3000.0,0.96103,0.835033,2.076363,0.0,96.0,5343.18,0.538881370713001,1.57763300825,0.06093446538,1.18850077,0.0111367497599999,0.8276025869,0.0280819711732023,28.062454,1.4471173,1.5501972,2.420442,2.8743868,26.322113,0.986037,1.2114745,1.9360111,2.3525069,16.591537,1.3758495,1.0910931,1.5900425,1.6700119,sub-21095_ses-1_run-01,sub-21095,ses-1,,,,,,run-01,
21104,1,ACPC,image,140.0,140.0,81.0,1.71429,1.71429,1.7,3000.0,0.897862,0.776659,1.474842,47.0,96.0,2986.73,95.0,116.0,101.0,1.7,1.7,1.7,3000.0,0.959,0.867288,1.60822,0.0,96.0,8010.96,95.0,116.0,101.0,1.7,1.7,1.7,3000.0,0.959508,0.835224,2.041042,0.0,96.0,6644.17,0.5242354820384598,1.20250058529,0.0089744683359999,0.6878483579,0.0051759551862,0.7627189517999999,0.0242773751340599,35.46722,3.6489422,1.785415,2.3534224,3.2271528,33.819675,2.7028534,1.4255754,1.8395323,2.655484,20.500319,2.7093623,1.1902665,1.6691581,1.9052123,sub-21104_ses-1_run-01,sub-21104,ses-1,,,,,,run-01,
21104,2,ACPC,image,140.0,140.0,81.0,1.71429,1.71429,1.7,3000.0,0.856647,0.676301,1.475905,1623.0,96.0,3200.35,95.0,116.0,101.0,1.7,1.7,1.7,3000.0,0.929396,0.794463,1.492626,3.0,96.0,5798.46,95.0,116.0,101.0,1.7,1.7,1.7,3000.0,0.932549,0.759248,1.816536,0.0,96.0,5133.99,1.0561430513592176,2.8304174937496005,0.00822411105,1.318271916,0.011232192628,1.9265180569,0.0283529437542452,19.733154,1.3934975,1.1242108,1.7743144,2.1907961,17.274761,0.9703416,0.8300952,1.3372177,1.7348626,14.08303,1.1382209,0.826912,1.2560296,1.3378744,sub-21104_ses-2_run-01,sub-21104,ses-2,,,,,,run-01,
21112,1,ACPC,image,140.0,140.0,81.0,1.71429,1.71429,1.7,3000.0,0.793753,0.489611,1.301656,908.0,96.0,6274.27,95.0,116.0,101.0,1.7,1.7,1.7,3000.0,0.881314,0.660731,1.202319,0.0,96.0,5999.75,95.0,116.0,101.0,1.7,1.7,1.7,3000.0,0.880062,0.580001,1.37324,0.0,96.0,5264.53,2.2602807130795397,10.042660936000004,0.05964656174,3.329166458,0.042233680841,4.380170163000001,0.0767513918894648,7.9103613,0.49542558,1.030098,0.0,147.80525,6.201098,0.48708966,0.9246257,0.0,147.92801,6.4492674,0.04783637,0.45351344,0.0,1.6457233,sub-21112_ses-1_run-01,sub-21112,ses-1,,,,,,run-01,
21112,2,ACPC,image,140.0,140.0,81.0,1.71429,1.71429,1.7,3000.0,0.908182,0.806379,1.39631,0.0,96.0,5851.64,95.0,116.0,101.0,1.7,1.7,1.7,3000.0,0.964644,0.895609,1.427831,0.0,96.0,6851.19,95.0,116.0,101.0,1.7,1.7,1.7,3000.0,0.96242,0.856166,1.700261,0.0,96.0,6563.83,0.376900182265753,0.850792405165,0.01660512201,0.3510285489,0.006126506255,0.5943006237,0.0395973320770623,30.659681,4.0572333,1.8801719,2.3568063,3.5135705,28.694565,3.0592175,1.4969556,1.8426442,2.8863597,17.587692,2.9063334,1.241705,1.6591624,2.0522075,sub-21112_ses-2_run-01,sub-21112,ses-2,,,,,,run-01,
21116,1,ACPC,image,140.0,140.0,81.0,1.71429,1.71429,1.7,3000.0,0.872944,0.67903,1.45748,86.0,96.0,4161.16,95.0,116.0,101.0,1.7,1.7,1.7,3000.0,0.95877,0.864811,1.518862,0.0,96.0,7354.22,95.0,116.0,101.0,1.7,1.7,1.7,3000.0,0.957695,0.822311,1.851319,0.0,96.0,5823.29,1.0570895407221177,5.5725326625,0.03194821253,2.954765974,0.028396511446,3.3468901817,0.0437070443046887,23.117441,1.4690809,1.4572572,2.1613138,2.878974,21.518944,1.0062199,1.1354625,1.7003336,2.3753104,14.2988615,1.3200043,1.0049652,1.4382123,1.6252725,sub-21116_ses-1_run-01,sub-21116,ses-1,,,,,,run-01,
21118,1,ACPC,image,140.0,140.0,81.0,1.71429,1.71429,1.7,3000.0,0.909283,0.759724,1.488812,59.0,96.0,3880.79,95.0,116.0,101.0,1.7,1.7,1.7,3000.0,0.962348,0.875414,1.482245,0.0,96.0,6712.97,95.0,116.0,101.0,1.7,1.7,1.7,3000.0,0.958794,0.818576,1.863834,0.0,96.0,7017.44,0.6006277287627069,1.781962241895,0.006008417811,1.365709928,0.004196605761,1.44972629149,0.0263462985687844,31.173473,4.446844,1.8032044,2.4250731,3.673619,29.20511,3.6089377,1.4680341,1.9284077,3.092098,18.813152,2.547354,1.12479,1.6721853,2.0499787,sub-21118_ses-1_run-01,sub-21118,ses-1,,,,,,run-01,
21118,2,ACPC,image,140.0,140.0,81.0,1.71429,1.71429,1.7,3000.0,0.927063,0.81574,1.541671,6.0,96.0,4428.75,95.0,116.0,101.0,1.7,1.7,1.7,3000.0,0.968619,0.894197,1.567508,0.0,96.0,7435.52,95.0,116.0,101.0,1.7,1.7,1.7,3000.0,0.965841,0.856532,1.851127,0.0,96.0,7380.16,0.3210951029068853,0.6078447525000001,0.01384489518,0.6010674268,0.0025474876120001,0.40099668433,0.0424620805498383,39.51758,4.508174,2.2174466,2.8198807,4.7416515,37.37094,3.4665601,1.8564574,2.2659135,4.0425577,22.408342,3.309388,1.3910489,1.9445882,2.631539,sub-21118_ses-2_run-01,sub-21118,ses-2,,,,,,run-01,
21124,1,ACPC,image,140.0,140.0,81.0,1.71429,1.71429,1.7,3000.0,0.904101,0.769585,1.393022,242.0,96.0,6779.81,95.0,116.0,101.0,1.7,1.7,1.7,3000.0,0.965408,0.895,1.406647,0.0,96.0,9198.57,95.0,116.0,101.0,1.7,1.7,1.7,3000.0,0.962299,0.83662,1.855171,0.0,96.0,9493.14,0.9023272237617452,4.756484747180999,0.02645414695,1.688381634,0.03008250613,1.4503782748999998,0.0326369728025226,30.542904,2.0010605,1.975989,2.3994353,4.126718,28.759052,1.4067786,1.60324,1.8607776,3.4372873,17.537905,1.6858228,1.2717196,1.7032627,2.3441894,sub-21124_ses-1_run-01,sub-21124,ses-1,,,,,,run-01,
21131,1,ACPC,image,140.0,140.0,81.0,1.71429,1.71429,1.7,3000.0,0.882616,0.715488,1.311245,97.0,96.0,5160.6,95.0,116.0,101.0,1.7,1.7,1.7,3000.0,0.966139,0.906695,1.344893,0.0,96.0,6725.0,95.0,116.0,101.0,1.7,1.7,1.7,3000.0,0.959649,0.831658,1.891885,0.0,96.0,6049.04,0.9584020994210196,4.2262099847,0.04052980989,3.939330584,0.0161367487199999,1.9809570131,0.0448287389216381,22.339413,1.1095915,1.4297185,2.1879487,3.000061,20.006351,0.76161146,1.0808729,1.758273,2.533812,13.29641,1.045898,1.0769366,1.4324359,1.6565357,sub-21131_ses-1_run-01,sub-21131,ses-1,,,,,,run-01,
21139,1,ACPC,image,140.0,140.0,81.0,1.71429,1.71429,1.7,3000.0,0.883499,0.711118,1.410673,274.0,96.0,4223.13,95.0,116.0,101.0,1.7,1.7,1.7,3000.0,0.953667,0.849835,1.513912,0.0,96.0,5960.51,95.0,116.0,101.0,1.7,1.7,1.7,3000.0,0.953925,0.797901,2.060096,0.0,96.0,6225.82,1.0396617876698144,2.39570420147,0.03970288485,1.15827755,0.01923162769,1.5769212675,0.0416209668958808,23.415354,1.4789841,1.3242279,2.0660954,2.7216115,21.66069,1.0477186,1.0507444,1.6400527,2.2681208,14.660537,1.2532104,0.8931872,1.3711553,1.525753,sub-21139_ses-1_run-01,sub-21139,ses-1,,,,,,run-01,
21139,2,ACPC,image,140.0,140.0,81.0,1.71429,1.71429,1.7,3000.0,0.909749,0.79448,1.396033,128.0,96.0,5795.48,95.0,116.0,101.0,1.7,1.7,1.7,3000.0,0.966762,0.90482,1.426585,0.0,96.0,7813.31,95.0,116.0,101.0,1.7,1.7,1.7,3000.0,0.962981,0.844774,2.00295,0.0,96.0,7088.19,0.5937126374823627,2.60770985554,0.03481618688,1.139748092,0.01657401212,1.6646793838000002,0.03562478331146,31.531874,3.0685604,1.7040765,2.854316,4.1400228,29.411533,2.2771993,1.3535008,2.267169,3.4316304,18.614065,2.3475187,1.1527538,1.9188516,2.3664482,sub-21139_ses-2_run-01,sub-21139,ses-2,,,,,,run-01,
21141,1,ACPC,image,140.0,140.0,81.0,1.71429,1.71429,1.7,3000.0,0.8896,0.713264,1.422783,183.0,96.0,5685.52,95.0,116.0,101.0,1.7,1.7,1.7,3000.0,0.958757,0.87118,1.430183,0.0,96.0,7901.02,95.0,116.0,101.0,1.7,1.7,1.7,3000.0,0.955533,0.817737,1.75969,0.0,96.0,7145.67,0.944667516377492,3.32315621185,0.04480429366,1.474781556,0.03851862531,1.6235939252,0.0406153704992239,24.069164,1.1976619,1.1812484,1.9107764,2.6600614,22.320038,0.8216373,0.9135276,1.5031698,2.1932538,14.972789,1.0679381,0.8423507,1.2866386,1.5263065,sub-21141_ses-1_run-01,sub-21141,ses-1,,,,,,run-01,
21141,2,ACPC,image,140.0,140.0,81.0,1.71429,1.71429,1.7,3000.0,0.929452,0.837469,1.373097,3.0,96.0,6414.75,95.0,116.0,101.0,1.7,1.7,1.7,3000.0,0.968672,0.904755,1.402337,0.0,96.0,9469.05,95.0,116.0,101.0,1.7,1.7,1.7,3000.0,0.965457,0.858134,1.795202,0.0,96.0,8311.17,0.4283636064960724,0.8185573326549999,0.007820151746,0.5110862815,0.005469443276,0.47927279116,0.0494192883789199,34.97808,5.0202017,2.1892128,2.6347406,4.507242,33.025112,3.843005,1.7813506,2.0807242,3.7792826,20.040522,3.5752988,1.4177605,1.8659252,2.5623696,sub-21141_ses-2_run-01,sub-21141,ses-2,,,,,,run-01,
21146,1,ACPC,image,140.0,140.0,81.0,1.71429,1.71429,1.7,3000.0,0.916954,0.792979,1.40672,1.0,96.0,4310.81,95.0,116.0,101.0,1.7,1.7,1.7,3000.0,0.968688,0.899685,1.406739,0.0,96.0,5940.2,95.0,116.0,101.0,1.7,1.7,1.7,3000.0,0.965468,0.845372,1.881663,0.0,96.0,6434.22,0.4852847967131568,1.3007114279399998,0.0150079634,0.7724952589,0.005147496705,0.9423341711,0.0379805652639447,36.306667,3.5878458,1.9809057,2.4474962,3.337518,34.39841,2.7794778,1.6443744,1.9505335,2.7908678,21.168386,2.4564028,1.2167567,1.6890539,1.9155955,sub-21146_ses-1_run-01,sub-21146,ses-1,,,,,,run-01,
21150,1,ACPC,image,140.0,140.0,81.0,1.71429,1.71429,1.7,3000.0,0.884635,0.731996,1.486325,115.0,96.0,4749.41,95.0,116.0,101.0,1.7,1.7,1.7,3000.0,0.948102,0.851351,1.508663,0.0,96.0,5777.7,95.0,116.0,101.0,1.7,1.7,1.7,3000.0,0.944074,0.813416,1.710035,0.0,96.0,4127.46,0.750917176704294,1.4963661466940004,0.01791059598,0.9310197207,0.0086141023749999,1.2125503546,0.0272126428879172,26.685728,2.7891126,1.6199455,2.1775842,2.859958,24.762196,2.1000524,1.2460093,1.6570196,2.3039799,16.19131,1.9143541,1.104555,1.5598646,1.6872332,sub-21150_ses-1_run-01,sub-21150,ses-1,,,,,,run-01,
21154,1,ACPC,image,140.0,140.0,81.0,1.71429,1.71429,1.7,3000.0,0.905831,0.773526,1.459434,6.0,96.0,5433.21,95.0,116.0,101.0,1.7,1.7,1.7,3000.0,0.964392,0.887873,1.479942,0.0,96.0,6187.31,95.0,116.0,101.0,1.7,1.7,1.7,3000.0,0.961788,0.839667,1.839962,0.0,96.0,6621.09,0.5764636315049255,1.4709435607630998,0.009733946063,1.057684058,0.0075564046854,1.1447169915,0.0348405146156609,30.053766,6.044374,2.0123036,2.4629676,3.6566932,28.418001,4.877268,1.6755238,1.9859569,3.0989246,16.967556,3.6763425,1.2275608,1.6773099,2.0165913,sub-21154_ses-1_run-01,sub-21154,ses-1,,,,,,run-01,
21154,2,ACPC,image,140.0,140.0,81.0,1.71429,1.71429,1.7,3000.0,0.854371,0.631688,1.424693,1883.0,96.0,6453.68,95.0,116.0,101.0,1.7,1.7,1.7,3000.0,0.929896,0.774696,1.475469,0.0,96.0,8452.62,95.0,116.0,101.0,1.7,1.7,1.7,3000.0,0.93034,0.728961,1.787652,0.0,96.0,8106.56,1.3848852408470207,3.89652691745,0.02959283814,1.407227176,0.022919201759,1.7933272929,0.0415091051960519,12.641899,0.7528477,0.83551586,1.1326653,1.4846084,10.8839,0.4316765,0.5639573,0.8575385,1.2201822,8.803361,0.8904367,0.7552633,0.7953014,0.838957,sub-21154_ses-2_run-01,sub-21154,ses-2,,,,,,run-01,
21161,1,ACPC,image,140.0,140.0,81.0,1.71429,1.71429,1.7,3000.0,0.869591,0.68244,1.412735,84.0,96.0,3385.35,95.0,116.0,101.0,1.7,1.7,1.7,3000.0,0.955735,0.841811,1.54995,0.0,96.0,6361.42,95.0,116.0,101.0,1.7,1.7,1.7,3000.0,0.957019,0.818433,1.760694,0.0,96.0,5993.12,1.251906564858758,5.476071989,0.0488512516,2.927519569,0.03318111226,2.0747492595700003,0.0275914039369295,15.451115,1.0960361,1.2493479,2.1266901,2.4080622,13.82296,0.71822864,0.9463733,1.6815313,1.9574448,10.2833395,1.0951669,0.91465175,1.4055122,1.4091997,sub-21161_ses-1_run-01,sub-21161,ses-1,,,,,,run-01,
21161,2,ACPC,image,140.0,140.0,81.0,1.71429,1.71429,1.7,3000.0,0.900761,0.751005,1.442716,65.0,96.0,4751.11,95.0,116.0,101.0,1.7,1.7,1.7,3000.0,0.962382,0.869467,1.505685,0.0,96.0,6021.39,95.0,116.0,101.0,1.7,1.7,1.7,3000.0,0.961455,0.829656,1.895934,0.0,96.0,5377.34,0.7660455548812548,1.790238135675,0.01202844642,1.110354963,0.01362426672,1.2391808169,0.0243405718940691,24.754313,2.125963,1.5341748,2.2336214,3.1649418,22.870325,1.5608771,1.2213234,1.7656562,2.6315567,15.636796,1.6225932,1.032193,1.5478404,1.816709,sub-21161_ses-2_run-01,sub-21161,ses-2,,,,,,run-01,
21161,3,ACPC,image,140.0,140.0,81.0,1.71429,1.71429,1.7,3000.0,0.863447,0.660894,1.381912,1473.0,96.0,7324.52,95.0,116.0,101.0,1.7,1.7,1.7,3000.0,0.945929,0.827538,1.406362,0.0,96.0,6120.06,95.0,116.0,101.0,1.7,1.7,1.7,3000.0,0.943272,0.779883,1.73027,0.0,96.0,5906.31,1.232969443976302,4.08799100696,0.06011991575,1.388650757,0.04525164701,1.7405931716,0.0528323154675561,13.933527,0.9388441,1.0987769,1.7780861,2.2700658,11.1410675,0.5663796,0.76872075,1.3436702,1.7870446,11.119279,1.0048549,0.88968015,1.2515894,1.3715707,sub-21161_ses-3_run-01,sub-21161,ses-3,,,,,,run-01,
21193,1,ACPC,image,140.0,140.0,81.0,1.71429,1.71429,1.7,3000.0,0.874749,0.69467,1.429786,208.0,96.0,3985.55,95.0,116.0,101.0,1.7,1.7,1.7,3000.0,0.952231,0.841815,1.523215,0.0,96.0,6848.16,95.0,116.0,101.0,1.7,1.7,1.7,3000.0,0.95417,0.805293,1.867056,0.0,96.0,7243.46,1.0799717053124902,4.6667520114235,0.05535359681,1.342291205,0.06972050201,1.8780360105,0.0346359852150266,25.757336,1.7848645,1.4111451,2.1047945,2.633563,24.233753,1.3097875,1.1194674,1.6884174,2.1951954,15.481022,1.3547925,0.9336244,1.37052,1.4774985,sub-21193_ses-1_run-01,sub-21193,ses-1,,,,,,run-01,
21193,2,ACPC,image,140.0,140.0,81.0,1.71429,1.71429,1.7,3000.0,0.915382,0.827369,1.321672,13.0,96.0,4397.95,95.0,116.0,101.0,1.7,1.7,1.7,3000.0,0.965572,0.921699,1.278089,0.0,96.0,6527.72,95.0,116.0,101.0,1.7,1.7,1.7,3000.0,0.962685,0.857955,1.738743,0.0,96.0,5777.98,0.5265747018084901,1.94114354425,0.01742786542,0.9985608841000002,0.012115690396,0.8959825862000002,0.0271328283622905,29.955288,1.6074468,1.599493,2.2001235,2.9838336,27.86969,1.1429467,1.2588261,1.7577491,2.5111344,18.174511,1.4816668,1.1493928,1.5201344,1.7512062,sub-21193_ses-2_run-01,sub-21193,ses-2,,,,,,run-01,
21197,1,ACPC,image,140.0,140.0,81.0,1.71429,1.71429,1.7,3000.0,0.885517,0.686217,1.606775,476.0,96.0,6035.22,95.0,116.0,101.0,1.7,1.7,1.7,3000.0,0.951231,0.833411,1.623138,0.0,96.0,8825.37,95.0,116.0,101.0,1.7,1.7,1.7,3000.0,0.951036,0.78472,2.184539,0.0,96.0,7360.83,1.021303081549611,2.3321222947800004,0.01583640836,1.501658148,0.01159291738,1.8324198803,0.0384996810704857,24.143787,2.100859,1.3977755,2.0429885,2.8928683,22.415699,1.5602686,1.0791786,1.5827606,2.3617074,14.548268,1.5248857,0.94945574,1.4021888,1.6502692,sub-21197_ses-1_run-01,sub-21197,ses-1,,,,,,run-01,
21224,1,ACPC,image,140.0,140.0,81.0,1.71429,1.71429,1.7,3000.0,0.870915,0.716111,1.412926,574.0,96.0,5383.96,95.0,116.0,101.0,1.7,1.7,1.7,3000.0,0.943524,0.872658,1.306381,0.0,96.0,7461.79,95.0,116.0,101.0,1.7,1.7,1.7,3000.0,0.940016,0.800719,1.780478,0.0,96.0,6291.21,0.900761353290798,2.230616654759,0.00898328796,1.270870498,0.0072302728659999,1.7503388795,0.0370939534497361,23.760263,1.8369532,1.41802,1.9635124,2.77972,21.519722,1.3949292,1.0901659,1.4902439,2.2407548,15.135548,1.2521981,0.94622576,1.3825672,1.6142461,sub-21224_ses-1_run-01,sub-21224,ses-1,,,,,,run-01,
21325,1,ACPC,image,140.0,140.0,81.0,1.71429,1.71429,1.7,3000.0,0.888959,0.712032,1.526396,110.0,96.0,4318.7,95.0,116.0,101.0,1.7,1.7,1.7,3000.0,0.952563,0.847726,1.526151,0.0,96.0,8019.08,95.0,116.0,101.0,1.7,1.7,1.7,3000.0,0.951885,0.805883,1.884504,0.0,96.0,6806.77,0.8455226433751568,2.0932171518531,0.02160803787,1.347390977,0.010543530571,1.7005585193,0.0405943825085188,26.17177,2.3001933,1.5102334,2.0551476,2.9331725,24.370426,1.754661,1.2049059,1.6143459,2.419099,15.246587,1.59886,0.9721529,1.383701,1.6548357,sub-21325_ses-1_run-01,sub-21325,ses-1,,,,,,run-01,
21325,2,ACPC,image,140.0,140.0,81.0,1.71429,1.71429,1.7,3000.0,0.918659,0.817711,1.412656,10.0,96.0,6248.8,95.0,116.0,101.0,1.7,1.7,1.7,3000.0,0.962638,0.897333,1.387129,0.0,96.0,6675.33,95.0,116.0,101.0,1.7,1.7,1.7,3000.0,0.958799,0.850516,1.741747,0.0,96.0,6213.9,0.4911241333418099,1.42196976744,0.01241424214,1.101179886,0.011496358551,0.65262118627,0.0470633116955409,32.534554,2.7500823,1.806596,2.445444,3.369123,30.254599,2.0296,1.4382923,1.9319928,2.7959216,17.68138,2.212648,1.2174493,1.6767797,1.9423121,sub-21325_ses-2_run-01,sub-21325,ses-2,,,,,,run-01,
21345,1,ACPC,image,140.0,140.0,81.0,1.71429,1.71429,1.7,3000.0,0.88827,0.732899,1.493523,56.0,96.0,5608.47,95.0,116.0,101.0,1.7,1.7,1.7,3000.0,0.95526,0.850017,1.558182,0.0,96.0,6428.52,95.0,116.0,101.0,1.7,1.7,1.7,3000.0,0.954905,0.815801,1.903282,0.0,96.0,5328.92,0.6769695675232841,2.101277683116,0.01527293306,1.067991883,0.00476892991,1.6918046326999998,0.0326146335793572,25.959753,2.9069476,1.7070056,2.0532749,2.9400218,24.274773,2.2411344,1.3419535,1.563944,2.3703284,15.213821,1.895023,1.0998015,1.4699248,1.7185136,sub-21345_ses-1_run-01,sub-21345,ses-1,,,,,,run-01,
21432,1,ACPC,image,140.0,140.0,81.0,1.71429,1.71429,1.7,3000.0,0.863064,0.713336,1.384301,144.0,96.0,3809.39,95.0,116.0,101.0,1.7,1.7,1.7,3000.0,0.947122,0.863677,1.398194,0.0,96.0,6327.05,95.0,116.0,101.0,1.7,1.7,1.7,3000.0,0.946846,0.808622,1.745435,0.0,96.0,5132.84,0.8064482082732901,2.2705465046350004,0.05448521674,1.35449608,0.00807596557,1.5149692888999997,0.0350947501001889,21.005167,1.718563,1.3691516,2.1029582,2.7880359,19.298035,1.2196018,1.0449585,1.6135615,2.2269394,13.666986,1.371567,0.9533537,1.4562634,1.6446627,sub-21432_ses-1_run-01,sub-21432,ses-1,,,,,,run-01,
21493,1,ACPC,image,140.0,140.0,81.0,1.71429,1.71429,1.7,3000.0,0.877824,0.722089,1.398098,854.0,96.0,5571.33,95.0,116.0,101.0,1.7,1.7,1.7,3000.0,0.950646,0.856996,1.398176,0.0,96.0,6799.24,95.0,116.0,101.0,1.7,1.7,1.7,3000.0,0.951032,0.818316,1.73609,0.0,96.0,6843.69,0.9218007224247452,2.91395456408,0.03198381513,1.717789998,0.0213529807519999,1.5844359648,0.0336553449188637,20.638899,1.7649459,1.3424681,1.9423165,2.3656428,18.847477,1.2295829,0.99951667,1.4621966,1.8700914,13.196053,1.4508008,0.96285576,1.3876735,1.4399968,sub-21493_ses-1_run-01,sub-21493,ses-1,,,,,,run-01,
21493,2,ACPC,image,140.0,140.0,81.0,1.71429,1.71429,1.7,3000.0,0.846004,0.662302,1.429761,71.0,96.0,2875.5,95.0,116.0,101.0,1.7,1.7,1.7,3000.0,0.943392,0.84373,1.534885,0.0,96.0,5651.18,95.0,116.0,101.0,1.7,1.7,1.7,3000.0,0.945508,0.818951,1.832876,0.0,96.0,5419.96,1.374991855345392,7.55215160295,0.04838276282,1.877463526,0.06703933328,1.1698579690000002,0.0365136365899948,19.626736,1.0934734,1.5425858,3.6168942,3.2359471,17.789944,0.7311239,1.1449369,2.9234087,2.5453296,13.024847,1.0349327,1.1208892,2.221824,1.8963685,sub-21493_ses-2_run-01,sub-21493,ses-2,,,,,,run-01,
21514,1,ACPC,image,140.0,140.0,81.0,1.71429,1.71429,1.7,3000.0,0.8725,0.665322,1.617265,349.0,96.0,3509.18,95.0,116.0,101.0,1.7,1.7,1.7,3000.0,0.946851,0.812069,1.642064,0.0,96.0,7496.73,95.0,116.0,101.0,1.7,1.7,1.7,3000.0,0.948916,0.801729,1.726043,0.0,96.0,5871.89,1.0399525583797615,2.4367961430000005,0.01650396734,1.348506038,0.011407863349,1.8836498957,0.0244503358077059,21.57235,1.605738,1.2671182,1.9388506,2.6768627,19.74342,1.1424106,0.96492904,1.4907892,2.165128,13.424113,1.2594879,0.8925599,1.3535278,1.5552806,sub-21514_ses-1_run-01,sub-21514,ses-1,,,,,,run-01,
21516,1,ACPC,image,140.0,140.0,81.0,1.71429,1.71429,1.7,3000.0,0.889324,0.732728,1.386906,240.0,96.0,3895.42,95.0,116.0,101.0,1.7,1.7,1.7,3000.0,0.954275,0.865139,1.397138,0.0,96.0,6208.04,95.0,116.0,101.0,1.7,1.7,1.7,3000.0,0.952111,0.809046,1.660398,0.0,96.0,6633.32,1.0212820598099115,2.944670538865,0.01313094143,1.881923977,0.012682094243,2.300242268,0.0430669325729731,24.05687,2.5748847,1.4715953,2.2518492,3.3397453,21.959263,2.017211,1.1661499,1.7711477,2.751361,15.317199,1.6254908,0.9587477,1.5260648,1.8735399,sub-21516_ses-1_run-01,sub-21516,ses-1,,,,,,run-01,
21516,2,ACPC,image,140.0,140.0,81.0,1.71429,1.71429,1.7,3000.0,0.897798,0.752086,1.37474,50.0,96.0,5843.41,95.0,116.0,101.0,1.7,1.7,1.7,3000.0,0.961098,0.875841,1.46574,2.0,96.0,9052.9,95.0,116.0,101.0,1.7,1.7,1.7,3000.0,0.95924,0.837717,1.696384,2.0,96.0,6451.63,0.7726493283559704,3.201920268331,0.04273160547,3.047732322,0.0287003712699999,1.846800876,0.0447672704641488,27.630035,1.1473973,1.6111065,2.9304159,3.4786196,25.61641,0.79035175,1.2331723,2.3258684,2.8501637,16.384634,1.0825808,1.1699308,1.8959899,1.9852939,sub-21516_ses-2_run-01,sub-21516,ses-2,,,,,,run-01,
21539,1,ACPC,image,140.0,140.0,81.0,1.71429,1.71429,1.7,3000.0,0.887958,0.735529,1.383149,582.0,96.0,5441.43,95.0,116.0,101.0,1.7,1.7,1.7,3000.0,0.95294,0.867238,1.349412,1.0,96.0,8159.96,95.0,116.0,101.0,1.7,1.7,1.7,3000.0,0.950198,0.811114,1.639255,1.0,96.0,7189.23,0.8454183218209764,2.0768555012199994,0.01573344693,1.267355742,0.007674050985,1.5870155983999998,0.0275963600673702,23.01248,1.9927093,1.2961696,1.8461813,2.7089503,21.099133,1.5268843,1.0227599,1.4368384,2.219766,14.570628,1.341379,0.8748472,1.2933496,1.5838572,sub-21539_ses-1_acq-VARIANTObliquity_run-01,sub-21539,ses-1,,,acq-VARIANTObliquity,,,run-01,VARIANTObliquity
21553,1,ACPC,image,140.0,140.0,81.0,1.71429,1.71429,1.7,3000.0,0.893592,0.695663,1.559592,299.0,96.0,3988.01,95.0,116.0,101.0,1.7,1.7,1.7,3000.0,0.954732,0.82011,1.650301,0.0,96.0,6705.24,95.0,116.0,101.0,1.7,1.7,1.7,3000.0,0.953863,0.800245,1.744501,0.0,96.0,5453.5,0.950473985197148,2.3358842513390004,0.01006432623,1.386476509,0.01002791131724,1.7860685884,0.0279890628883917,25.109943,2.9270253,1.4777354,1.9374499,3.1355257,23.012583,2.337039,1.1818538,1.5293332,2.6142747,15.971987,1.7342316,0.9369995,1.3242574,1.735863,sub-21553_ses-1_run-01,sub-21553,ses-1,,,,,,run-01,
21553,2,ACPC,image,140.0,140.0,81.0,1.71429,1.71429,1.7,3000.0,0.926771,0.837286,1.290158,32.0,96.0,5042.32,95.0,116.0,101.0,1.7,1.7,1.7,3000.0,0.972315,0.921911,1.294759,0.0,96.0,5333.4,95.0,116.0,101.0,1.7,1.7,1.7,3000.0,0.966331,0.859691,1.714541,0.0,96.0,5577.87,0.7227048191073205,2.575453182470001,0.0573461242,0.9811381422,0.02903944254,0.7291673654999999,0.0280173243840355,24.249449,2.5235636,2.1516912,2.6638024,4.020951,21.847267,1.8479064,1.756386,2.1187665,3.3699462,16.095772,2.0249574,1.3757046,1.8438355,2.3049212,sub-21553_ses-2_acq-VARIANTObliquity_run-01,sub-21553,ses-2,,,acq-VARIANTObliquity,,,run-01,VARIANTObliquity
21554,1,ACPC,image,140.0,140.0,81.0,1.71429,1.71429,1.7,3000.0,0.889783,0.679752,1.605606,288.0,96.0,4016.02,95.0,116.0,101.0,1.7,1.7,1.7,3000.0,0.95706,0.825227,1.675699,0.0,96.0,6735.24,95.0,116.0,101.0,1.7,1.7,1.7,3000.0,0.956647,0.796683,1.988987,0.0,96.0,5142.29,0.8702647355007412,2.42238627038,0.009453878738,1.539580048,0.010467371903,2.0381836299,0.0274175115207373,23.625359,3.0112393,1.575353,2.0120728,3.2141426,21.769518,2.4163072,1.2574556,1.578031,2.6768026,14.809279,1.7645845,0.9911518,1.3805131,1.760598,sub-21554_ses-1_run-01,sub-21554,ses-1,,,,,,run-01,
21554,2,ACPC,image,140.0,140.0,81.0,1.71429,1.71429,1.7,3000.0,0.923427,0.821269,1.356419,9.0,96.0,4911.74,95.0,116.0,101.0,1.7,1.7,1.7,3000.0,0.970968,0.910594,1.369468,0.0,96.0,6462.86,95.0,116.0,101.0,1.7,1.7,1.7,3000.0,0.966839,0.853472,1.899937,0.0,96.0,5600.14,0.4429150513060882,1.59458906306,0.02179634199,0.7736817161,0.00648328499,0.5639512947,0.0226350669138839,33.222034,2.3158605,2.0315151,2.7426462,4.52551,31.222279,1.6953924,1.684325,2.1882946,3.7804656,19.125044,1.9335197,1.2937621,1.8932667,2.5673223,sub-21554_ses-2_acq-VARIANTObliquity_run-01,sub-21554,ses-2,,,acq-VARIANTObliquity,,,run-01,VARIANTObliquity
21560,1,ACPC,image,140.0,140.0,81.0,1.71429,1.71429,1.7,3000.0,0.84775,0.661851,1.475982,483.0,96.0,4432.13,95.0,116.0,101.0,1.7,1.7,1.7,3000.0,0.933703,0.804777,1.560839,0.0,96.0,7207.79,95.0,116.0,101.0,1.7,1.7,1.7,3000.0,0.93771,0.778472,1.772365,0.0,96.0,5709.45,1.139762862117098,2.9709691926850006,0.03812169656,1.940321394,0.02633747086,1.84783691,0.0369778255501093,19.752146,0.97638744,1.1189432,1.7821642,1.8791558,17.956242,0.64077854,0.82186615,1.4140617,1.5422179,12.797596,1.0032158,0.8766211,1.1177859,1.0694859,sub-21560_ses-1_run-01,sub-21560,ses-1,,,,,,run-01,
21560,2,ACPC,image,140.0,140.0,81.0,1.71429,1.71429,1.7,3000.0,0.895279,0.782423,1.402618,5.0,96.0,4637.56,95.0,116.0,101.0,1.7,1.7,1.7,3000.0,0.951768,0.875809,1.393351,0.0,96.0,6809.98,95.0,116.0,101.0,1.7,1.7,1.7,3000.0,0.953342,0.844604,1.64436,0.0,96.0,5443.92,0.4183569197770039,1.4610312485795,0.01816461235,0.7198001593,0.009393065237,0.5439955564,0.0278519945583749,33.870598,1.4441196,1.5377171,2.066526,2.4719615,31.880226,1.0377971,1.1921773,1.6572273,2.0640879,19.420244,1.3092605,1.1439102,1.3942492,1.4500465,sub-21560_ses-2_run-01,sub-21560,ses-2,,,,,,run-01,
21567,1,ACPC,image,140.0,140.0,81.0,1.71429,1.71429,1.7,3000.0,0.884164,0.739903,1.381081,375.0,96.0,3535.89,95.0,116.0,101.0,1.7,1.7,1.7,3000.0,0.950066,0.858815,1.378723,0.0,96.0,7517.17,95.0,116.0,101.0,1.7,1.7,1.7,3000.0,0.947756,0.807683,1.665637,0.0,96.0,7748.99,0.7005205218765568,1.70725972643,0.006198065821,1.003034829,0.00491065411229,1.1801422528,0.0234756760675705,23.994864,2.4145722,1.3928115,1.9508976,2.8151727,22.151543,1.880507,1.095008,1.5096481,2.292822,14.76707,1.5505105,0.93400073,1.3835324,1.6352781,sub-21567_ses-1_acq-VARIANTObliquity_run-01,sub-21567,ses-1,,,acq-VARIANTObliquity,,,run-01,VARIANTObliquity
21568,1,ACPC,image,140.0,140.0,81.0,1.71429,1.71429,1.7,3000.0,0.87264,0.668091,1.422973,612.0,96.0,6484.22,95.0,116.0,101.0,1.7,1.7,1.7,3000.0,0.951018,0.848251,1.463169,0.0,96.0,9773.14,95.0,116.0,101.0,1.7,1.7,1.7,3000.0,0.950893,0.795247,1.890311,0.0,96.0,6657.47,1.0825300291982116,3.242017275534,0.05989882722,1.775245381,0.01281750947,2.5940634937,0.0374064047007401,20.099243,2.013152,1.4046649,2.5295854,3.5735168,17.773537,1.5241799,1.0933893,2.003151,2.950949,13.346352,1.3969506,0.9326408,1.6505004,1.9635019,sub-21568_ses-1_run-01,sub-21568,ses-1,,,,,,run-01,
21580,1,ACPC,image,140.0,140.0,81.0,1.71429,1.71429,1.7,3000.0,0.851734,0.643707,1.429061,199.0,96.0,2397.81,95.0,116.0,101.0,1.7,1.7,1.7,3000.0,0.939726,0.82622,1.438725,0.0,96.0,3070.19,95.0,116.0,101.0,1.7,1.7,1.7,3000.0,0.940413,0.799395,1.574917,0.0,96.0,2837.29,1.3905499333230391,3.502272794809,0.0686102435,1.420722198,0.04021590017,1.2635314360999998,0.045505617056036,14.224961,1.1357656,1.2329311,2.108672,2.314607,11.489439,0.76223457,0.9474531,1.6709156,1.8868937,11.039726,1.0739069,0.86357605,1.3333097,1.3186747,sub-21580_ses-1_run-01,sub-21580,ses-1,,,,,,run-01,
21580,2,ACPC,image,140.0,140.0,81.0,1.71429,1.71429,1.7,3000.0,0.90264,0.797704,1.40284,31.0,96.0,6068.36,95.0,116.0,101.0,1.7,1.7,1.7,3000.0,0.95793,0.905655,1.292832,0.0,96.0,7221.69,95.0,116.0,101.0,1.7,1.7,1.7,3000.0,0.956608,0.856071,1.613611,0.0,96.0,5502.58,0.3669641809059313,1.475793691516,0.009300893173,0.9703989496,0.003364634235,0.7719972607000001,0.0256047093190519,35.989952,2.4667664,1.8801304,2.3203087,2.8873928,33.863747,1.7852688,1.5220456,1.8395585,2.3986204,19.787466,2.067434,1.2431903,1.600863,1.6953956,sub-21580_ses-2_run-01,sub-21580,ses-2,,,,,,run-01,
21623,1,ACPC,image,140.0,140.0,81.0,1.71429,1.71429,1.7,3000.0,0.889646,0.724576,1.460547,424.0,96.0,4642.05,95.0,116.0,101.0,1.7,1.7,1.7,3000.0,0.952259,0.85568,1.457957,0.0,96.0,7802.78,95.0,116.0,101.0,1.7,1.7,1.7,3000.0,0.950111,0.806312,1.762295,0.0,96.0,8093.22,0.9486660746696296,2.159992269675,0.009277086705,1.518117041,0.010917726905,1.7269433073,0.0330057004119986,25.31364,2.5905354,1.414182,2.1990798,3.457851,23.240704,1.9845186,1.1060638,1.7115431,2.8380933,15.850896,1.699817,0.9555399,1.5260867,1.978949,sub-21623_ses-1_run-01,sub-21623,ses-1,,,,,,run-01,
21623,2,ACPC,image,140.0,140.0,81.0,1.71429,1.71429,1.7,3000.0,0.913058,0.799745,1.41948,25.0,96.0,5040.24,95.0,116.0,101.0,1.7,1.7,1.7,3000.0,0.966466,0.900503,1.443872,0.0,96.0,8575.44,95.0,116.0,101.0,1.7,1.7,1.7,3000.0,0.963953,0.852293,1.932818,0.0,96.0,7350.59,0.5361127800393684,2.89638157053,0.03233287856,1.055546609,0.01411714033,0.8957589532500001,0.0303075023768642,26.591633,2.34669,1.8021889,2.7631202,3.9324844,24.489134,1.6928163,1.4280009,2.197659,3.2687278,16.10725,1.9475965,1.2493627,1.8715197,2.2546313,sub-21623_ses-2_acq-VARIANTObliquity_run-01,sub-21623,ses-2,,,acq-VARIANTObliquity,,,run-01,VARIANTObliquity
21712,1,ACPC,image,140.0,140.0,81.0,1.71429,1.71429,1.7,3000.0,0.887023,0.717896,1.471516,238.0,96.0,3843.62,95.0,116.0,101.0,1.7,1.7,1.7,3000.0,0.954462,0.850728,1.503972,0.0,96.0,5389.16,95.0,116.0,101.0,1.7,1.7,1.7,3000.0,0.952347,0.813514,1.72905,0.0,96.0,5069.12,0.8222261053246234,1.8966245944865,0.005737578031,1.22285583,0.006620930507,1.4861363061,0.029652223871481,24.1132,2.3117244,1.3909143,1.9292043,3.4432418,22.309528,1.8001268,1.1046858,1.513253,2.8622441,15.297948,1.5004512,0.91249114,1.3570483,1.9119524,sub-21712_ses-1_run-01,sub-21712,ses-1,,,,,,run-01,
21712,2,ACPC,image,140.0,140.0,81.0,1.71429,1.71429,1.7,3000.0,0.922729,0.829551,1.437629,5.0,96.0,3905.94,95.0,116.0,101.0,1.7,1.7,1.7,3000.0,0.96678,0.893126,1.505667,0.0,96.0,5516.21,95.0,116.0,101.0,1.7,1.7,1.7,3000.0,0.964631,0.860361,1.758943,0.0,96.0,5710.45,0.3679968733715883,0.923203773038,0.0089831957589999,0.6074367498,0.0027551469399999,0.6676564926999999,0.0264504843628213,34.59931,2.1203904,1.6931503,2.3385801,3.5588856,32.82356,1.5186578,1.3631564,1.8554614,2.9840388,20.67953,1.8625977,1.2021939,1.6773258,2.1152735,sub-21712_ses-2_acq-VARIANTObliquity_run-01,sub-21712,ses-2,,,acq-VARIANTObliquity,,,run-01,VARIANTObliquity
21713,1,ACPC,image,140.0,140.0,81.0,1.71429,1.71429,1.7,3000.0,0.897939,0.725996,1.510063,274.0,96.0,7790.07,95.0,116.0,101.0,1.7,1.7,1.7,3000.0,0.959227,0.865693,1.472094,0.0,96.0,6296.92,95.0,116.0,101.0,1.7,1.7,1.7,3000.0,0.955149,0.813679,1.825059,0.0,96.0,5731.87,0.757189508060039,2.2164888302600003,0.016317131,1.052112968,0.009124969601,1.6773284321,0.0342487889389462,26.246864,2.8945274,1.5143733,1.9347148,3.43745,24.12835,2.2711458,1.2028414,1.4984287,2.828545,16.159489,1.8438761,0.9913319,1.3911589,1.9662586,sub-21713_ses-1_run-01,sub-21713,ses-1,,,,,,run-01,
21713,2,ACPC,image,140.0,140.0,81.0,1.71429,1.71429,1.7,3000.0,0.928899,0.821663,1.574334,7.0,96.0,6891.65,95.0,116.0,101.0,1.7,1.7,1.7,3000.0,0.967926,0.893147,1.534375,0.0,96.0,7746.51,95.0,116.0,101.0,1.7,1.7,1.7,3000.0,0.965445,0.862229,1.865877,0.0,96.0,6216.81,0.3455997828979538,1.40660748456,0.0164803341,0.476440109,0.015330862716,0.431056172,0.0248643029975528,42.75241,2.6552303,2.0155544,2.699171,4.5111504,40.43451,1.9624318,1.6600702,2.132483,3.7688458,24.273563,2.200876,1.3261172,1.9149323,2.6108744,sub-21713_ses-2_acq-VARIANTObliquity_run-01,sub-21713,ses-2,,,acq-VARIANTObliquity,,,run-01,VARIANTObliquity
21738,1,ACPC,image,140.0,140.0,81.0,1.71429,1.71429,1.7,3000.0,0.862286,0.677819,1.416093,560.0,96.0,7906.19,95.0,116.0,101.0,1.7,1.7,1.7,3000.0,0.945601,0.844714,1.429659,0.0,96.0,9954.79,95.0,116.0,101.0,1.7,1.7,1.7,3000.0,0.945737,0.80341,1.739005,0.0,96.0,7585.02,1.376018021793608,4.91189524705,0.04561759904,3.832680296,0.02523593604,1.8267582174,0.040045764881428,16.556702,0.8893857,0.9698928,1.5236063,2.0623312,15.01275,0.5204494,0.6288321,1.1221352,1.6377883,10.298239,0.99231076,0.88300663,1.1212956,1.248671,sub-21738_ses-1_run-01,sub-21738,ses-1,,,,,,run-01,
21797,1,ACPC,image,140.0,140.0,81.0,1.71429,1.71429,1.7,3000.0,0.891154,0.736379,1.400115,422.0,96.0,4834.37,95.0,116.0,101.0,1.7,1.7,1.7,3000.0,0.952776,0.857819,1.419624,0.0,96.0,7860.12,95.0,116.0,101.0,1.7,1.7,1.7,3000.0,0.949859,0.810677,1.69463,0.0,96.0,6302.39,0.8992350750808706,2.4629510887863995,0.01145583391,1.428109616,0.0104074679529999,1.9625885898,0.04050365182533,24.930847,3.6022847,1.5492064,2.0166929,3.0560346,23.01906,2.934247,1.2195207,1.538664,2.4894636,15.237785,1.9641613,0.98772395,1.4363457,1.758751,sub-21797_ses-1_run-01,sub-21797,ses-1,,,,,,run-01,
21827,1,ACPC,image,140.0,140.0,81.0,1.71429,1.71429,1.7,3000.0,0.887841,0.729269,1.447768,362.0,96.0,4227.58,95.0,116.0,101.0,1.7,1.7,1.7,3000.0,0.951423,0.860244,1.44855,0.0,96.0,7079.47,95.0,116.0,101.0,1.7,1.7,1.7,3000.0,0.946402,0.813956,1.683062,0.0,96.0,8565.99,0.9694496699066452,2.0297884993659,0.01569518074,1.175572046,0.0118176813659999,1.4995952271,0.0329922679355494,23.070404,5.784676,1.7671382,2.062813,3.1440353,20.876068,4.7601137,1.3710853,1.5315435,2.5079522,14.638243,3.0284922,1.1446486,1.5354174,1.879871,sub-21827_ses-1_run-01,sub-21827,ses-1,,,,,,run-01,
21855,1,ACPC,image,140.0,140.0,81.0,1.71429,1.71429,1.7,3000.0,0.878977,0.700737,1.547928,320.0,96.0,5079.68,95.0,116.0,101.0,1.7,1.7,1.7,3000.0,0.95066,0.847591,1.553028,0.0,96.0,7517.46,95.0,116.0,101.0,1.7,1.7,1.7,3000.0,0.951886,0.816753,1.854274,0.0,96.0,6460.92,0.857867297514176,2.1617190786005,0.01317108329,1.264187406,0.0099044850799999,1.7544166334,0.0300607560897456,23.633686,4.212439,1.9021387,2.2937417,3.552059,21.907738,3.3802218,1.4850688,1.7330515,2.8728461,14.21113,2.4336865,1.2258728,1.6529567,2.0284452,sub-21855_ses-1_run-01,sub-21855,ses-1,,,,,,run-01,
21855,2,ACPC,image,140.0,140.0,81.0,1.71429,1.71429,1.7,3000.0,0.921692,0.835225,1.427252,1.0,96.0,5969.46,95.0,116.0,101.0,1.7,1.7,1.7,3000.0,0.964022,0.89907,1.44164,0.0,96.0,6673.86,95.0,116.0,101.0,1.7,1.7,1.7,3000.0,0.961675,0.864197,1.729311,0.0,96.0,5118.24,0.2768490469034637,0.610204725175,0.00630032504,0.3596557921,0.0025686760199999,0.4310966535,0.0274313034011029,37.998478,2.9896011,2.142535,2.6876116,4.7763395,35.4685,2.1717753,1.7005849,2.012317,3.8451157,20.871687,2.4614794,1.4531356,2.0418537,2.8836544,sub-21855_ses-2_run-01,sub-21855,ses-2,,,,,,run-01,
21856,1,ACPC,image,140.0,140.0,81.0,1.71429,1.71429,1.7,3000.0,0.884258,0.720954,1.449694,324.0,96.0,3626.11,95.0,116.0,101.0,1.7,1.7,1.7,3000.0,0.950034,0.848908,1.470372,0.0,96.0,8173.68,95.0,116.0,101.0,1.7,1.7,1.7,3000.0,0.947982,0.80715,1.753821,0.0,96.0,6164.66,0.7807101301029942,1.940896599945,0.01026316267,1.321288422,0.007234939491,1.6583458197,0.0384639896177934,24.226688,3.162405,1.5742993,2.0851321,3.0724273,22.461157,2.5276783,1.2363911,1.5990789,2.5066702,14.524862,1.8651408,1.0075438,1.4596782,1.7489693,sub-21856_ses-1_run-01,sub-21856,ses-1,,,,,,run-01,
22045,1,ACPC,image,140.0,140.0,81.0,1.71429,1.71429,1.7,3000.0,0.869716,0.674848,1.424104,1722.0,96.0,5562.26,95.0,116.0,101.0,1.7,1.7,1.7,3000.0,0.939807,0.807726,1.425099,1.0,96.0,7319.65,95.0,116.0,101.0,1.7,1.7,1.7,3000.0,0.943076,0.866767,1.192048,0.0,96.0,3815.1,0.8180133383965326,1.948187371765,0.02074302733,1.243129067,0.011877748649,0.9869821026,0.0268761566182916,18.831337,0.8549587,0.92940116,1.5099782,1.8548604,16.31443,0.5446789,0.68074334,1.1751688,1.5013382,13.147155,0.8799993,0.72072613,1.0187333,1.1023514,sub-22045_ses-1_run-01,sub-22045,ses-1,,,,,,run-01,
22045,2,ACPC,image,140.0,140.0,81.0,1.71429,1.71429,1.7,3000.0,0.917552,0.802403,1.472909,1.0,96.0,6404.08,95.0,116.0,101.0,1.7,1.7,1.7,3000.0,0.965656,0.890338,1.490717,0.0,96.0,7075.36,95.0,116.0,101.0,1.7,1.7,1.7,3000.0,0.96419,0.857431,1.754343,0.0,96.0,7561.8,0.3925161212512726,1.012681894189,0.01384273451,0.5701956969,0.005070508458,0.7367922501,0.0279927293174188,32.816864,1.7689254,1.6390313,2.4642282,3.350127,30.769424,1.2778699,1.3254814,1.993912,2.8255215,18.876556,1.5788172,1.1413392,1.6616751,1.9335796,sub-22045_ses-2_acq-VARIANTObliquity_run-01,sub-22045,ses-2,,,acq-VARIANTObliquity,,,run-01,VARIANTObliquity
22064,1,ACPC,image,140.0,140.0,81.0,1.71429,1.71429,1.7,3000.0,0.828653,0.613341,1.342461,1487.0,96.0,4788.92,95.0,116.0,101.0,1.7,1.7,1.7,3000.0,0.932091,0.794002,1.464669,0.0,96.0,6294.98,95.0,116.0,101.0,1.7,1.7,1.7,3000.0,0.935883,0.769122,1.635448,0.0,96.0,5673.5,1.2757024990148236,4.739735334270001,0.01697426289,3.061275584,0.0204182695569999,2.144320139,0.036895586751078,14.469006,0.9100878,0.98941004,1.5292025,1.9452801,12.78468,0.6081617,0.74047935,1.1833663,1.5708911,9.903939,0.83720976,0.73865736,1.0398692,1.1297232,sub-22064_ses-1_run-01,sub-22064,ses-1,,,,,,run-01,
22064,2,ACPC,image,140.0,140.0,81.0,1.71429,1.71429,1.7,3000.0,0.91517,0.830589,1.379504,17.0,96.0,3683.31,95.0,116.0,101.0,1.7,1.7,1.7,3000.0,0.962926,0.892974,1.416516,0.0,96.0,5872.87,95.0,116.0,101.0,1.7,1.7,1.7,3000.0,0.960404,0.86951,1.566732,0.0,96.0,4070.39,0.2980938144235872,0.577987012201,0.009148056619,0.4617791459,0.003136396873,0.4178298204,0.028340143545754,34.92859,2.4237719,1.7996229,2.2919211,3.1536655,32.935085,1.7679557,1.4637991,1.8283898,2.627342,20.70577,2.0368006,1.2388409,1.6279856,1.8986942,sub-22064_ses-2_acq-VARIANTObliquity_run-01,sub-22064,ses-2,,,acq-VARIANTObliquity,,,run-01,VARIANTObliquity
22169,1,ACPC,image,140.0,140.0,81.0,1.71429,1.71429,1.7,3000.0,0.868009,0.681253,1.493574,1338.0,96.0,3274.23,95.0,116.0,101.0,1.7,1.7,1.7,3000.0,0.939123,0.798931,1.534411,0.0,96.0,4552.67,95.0,116.0,101.0,1.7,1.7,1.7,3000.0,0.943914,0.784104,1.673519,0.0,96.0,4352.18,1.2926486868588571,3.483670239215,0.0119564347,1.381705644,0.011946534352678,2.471941,0.0289681657979546,19.377108,0.9034686,1.0172986,1.5604861,1.9287369,17.251724,0.55617845,0.73001003,1.2036577,1.5568663,13.017893,0.99300766,0.85222584,1.0815984,1.157235,sub-22169_ses-1_run-01,sub-22169,ses-1,,,,,,run-01,
22473,1,ACPC,image,140.0,140.0,81.0,1.71429,1.71429,1.7,3000.0,0.877825,0.70972,1.462813,1883.0,96.0,6666.88,95.0,116.0,101.0,1.7,1.7,1.7,3000.0,0.938082,0.824467,1.44053,53.0,96.0,5798.96,95.0,116.0,101.0,1.7,1.7,1.7,3000.0,0.937892,0.775599,1.841494,26.0,96.0,6437.22,0.8220925898307795,1.6122080284449996,0.006117291749,1.348004543,0.00802451279,1.2446918483,0.0362169597607831,20.765081,1.1935592,1.1236513,1.8085595,2.3166018,18.37749,0.7397272,0.8159093,1.382915,1.8545371,13.951678,1.245657,0.886246,1.2635983,1.4057237,sub-22473_ses-1_run-01,sub-22473,ses-1,,,,,,run-01,
22473,2,ACPC,image,140.0,140.0,81.0,1.71429,1.71429,1.7,3000.0,0.923089,0.828121,1.476127,2.0,96.0,5846.44,95.0,116.0,101.0,1.7,1.7,1.7,3000.0,0.967046,0.90369,1.495591,0.0,96.0,6129.41,95.0,116.0,101.0,1.7,1.7,1.7,3000.0,0.964256,0.86445,1.899772,0.0,96.0,6716.53,0.3542375055349137,0.982415913585,0.005206562113,0.5718852452,0.003454374499,0.8361151931999999,0.0433197725589492,37.875828,4.911478,2.2359571,3.0163987,4.9365153,35.57424,3.681196,1.780326,2.2799115,4.003805,21.767334,3.5796535,1.4982964,2.2533607,2.9540567,sub-22473_ses-2_acq-VARIANTObliquity_run-01,sub-22473,ses-2,,,acq-VARIANTObliquity,,,run-01,VARIANTObliquity
22510,1,ACPC,image,140.0,140.0,81.0,1.71429,1.71429,1.7,3000.0,0.867652,0.685664,1.460235,1590.0,96.0,3545.49,95.0,116.0,101.0,1.7,1.7,1.7,3000.0,0.942761,0.824069,1.457174,0.0,96.0,2809.78,95.0,116.0,101.0,1.7,1.7,1.7,3000.0,0.940081,0.79206,1.655437,0.0,96.0,2210.94,0.906271995445688,1.95409394229,0.02015788481,0.8622866917,0.010196600346,1.3987438233,0.0214159650493302,17.723816,2.3502607,1.3149498,2.0975516,3.4555728,15.652083,1.842928,0.99087256,1.5920159,2.7773273,12.040676,1.461192,0.9206246,1.4980007,1.9884417,sub-22510_ses-1_run-01,sub-22510,ses-1,,,,,,run-01,
22510,2,ACPC,image,140.0,140.0,81.0,1.71429,1.71429,1.7,3000.0,0.934245,0.851559,1.355909,4.0,96.0,4730.81,95.0,116.0,101.0,1.7,1.7,1.7,3000.0,0.971241,0.910196,1.409842,0.0,96.0,6578.65,95.0,116.0,101.0,1.7,1.7,1.7,3000.0,0.967996,0.876144,1.681094,0.0,96.0,6011.91,0.4409372387570388,1.378028858219,0.005168719217,0.855389444,0.004548676545,1.1755245748,0.0286015673819447,36.751713,6.9113636,2.456534,3.1220293,5.7164826,34.450024,5.365413,2.0043638,2.4343405,4.8130736,21.982826,4.690174,1.613169,2.2967355,3.3079076,sub-22510_ses-2_acq-VARIANTObliquity_run-01,sub-22510,ses-2,,,acq-VARIANTObliquity,,,run-01,VARIANTObliquity
22520,1,ACPC,image,140.0,140.0,81.0,1.71429,1.71429,1.7,3000.0,0.86799,0.667095,1.485108,1307.0,96.0,4246.74,95.0,116.0,101.0,1.7,1.7,1.7,3000.0,0.943157,0.787202,1.590622,0.0,96.0,6413.81,95.0,116.0,101.0,1.7,1.7,1.7,3000.0,0.944926,0.773505,1.743616,0.0,96.0,5374.37,0.9751349928499607,2.46078184643,0.03314182535,1.056998218,0.014496812135,1.4148963868000002,0.0340538963556216,17.274755,1.1885252,1.1231605,1.6908735,2.3601062,15.081665,0.8190664,0.822746,1.2743572,1.8702666,12.079216,1.000624,0.8232784,1.190296,1.3974804,sub-22520_ses-1_run-01,sub-22520,ses-1,,,,,,run-01,
22617,1,ACPC,image,140.0,140.0,81.0,1.71429,1.71429,1.7,3000.0,0.860248,0.667864,1.450379,1708.0,96.0,5677.37,95.0,116.0,101.0,1.7,1.7,1.7,3000.0,0.935125,0.799558,1.480032,0.0,96.0,8989.54,95.0,116.0,101.0,1.7,1.7,1.7,3000.0,0.937533,0.764941,1.77663,0.0,96.0,7013.02,0.7942309241214648,1.87500668322,0.01834721118,0.8312717009,0.011963183993,1.2724819257,0.0225128034712869,18.9618,1.4324849,1.143168,1.721911,2.1665308,16.742216,1.0481322,0.8544988,1.3143258,1.7462354,12.6988,1.0750577,0.82014394,1.1999141,1.2760167,sub-22617_ses-1_run-01,sub-22617,ses-1,,,,,,run-01,
22617,2,ACPC,image,140.0,140.0,81.0,1.71429,1.71429,1.7,3000.0,0.92042,0.827973,1.3861,3.0,96.0,7112.15,95.0,116.0,101.0,1.7,1.7,1.7,3000.0,0.966538,0.904397,1.377273,0.0,96.0,8429.86,95.0,116.0,101.0,1.7,1.7,1.7,3000.0,0.964262,0.858774,1.755971,0.0,96.0,8265.89,0.3751861149068067,0.960727088845,0.01047097053,0.7145182551,0.006418032222,0.62882265761,0.0286735988145022,33.588257,2.7672482,1.9290737,2.4618685,3.7732284,31.503307,2.032078,1.5640883,1.9568315,3.1787586,18.829128,2.234428,1.2787378,1.7149526,2.1574457,sub-22617_ses-2_acq-VARIANTObliquity_run-01,sub-22617,ses-2,,,acq-VARIANTObliquity,,,run-01,VARIANTObliquity
22618,1,ACPC,image,140.0,140.0,81.0,1.71429,1.71429,1.7,3000.0,0.875386,0.693158,1.401742,1969.0,96.0,5556.26,95.0,116.0,101.0,1.7,1.7,1.7,3000.0,0.937774,0.808584,1.421946,16.0,96.0,8519.08,95.0,116.0,101.0,1.7,1.7,1.7,3000.0,0.938339,0.753833,1.785105,6.0,96.0,7086.74,0.9378792629400314,2.16448817539,0.01383601036,1.037698852,0.0133785256189999,1.3838333526,0.0331220831768753,19.594133,0.845666,0.9532407,1.5058434,1.7579815,17.23668,0.48528352,0.6743426,1.1896619,1.4516126,13.29126,0.98423916,0.8144353,0.9940718,1.0197784,sub-22618_ses-1_run-01,sub-22618,ses-1,,,,,,run-01,
22618,2,ACPC,image,140.0,140.0,81.0,1.71429,1.71429,1.7,3000.0,0.923778,0.81882,1.413569,53.0,96.0,5802.29,95.0,116.0,101.0,1.7,1.7,1.7,3000.0,0.968414,0.899265,1.437064,0.0,96.0,8172.94,95.0,116.0,101.0,1.7,1.7,1.7,3000.0,0.965088,0.849678,1.868897,0.0,96.0,7774.45,0.4058429562013863,1.37567133253,0.01384331286,0.7189621288,0.012801184319,0.6233754165000001,0.0367108174461249,32.695103,3.5536315,1.9895226,2.705606,3.900451,30.623352,2.6882951,1.6065186,2.1494756,3.2860863,18.354528,2.6287057,1.3014015,1.8653998,2.2104235,sub-22618_ses-2_acq-VARIANTObliquity_run-01,sub-22618,ses-2,,,acq-VARIANTObliquity,,,run-01,VARIANTObliquity
22653,1,ACPC,image,140.0,140.0,81.0,1.71429,1.71429,1.7,3000.0,0.869683,0.665761,1.437178,1694.0,96.0,5061.74,95.0,116.0,101.0,1.7,1.7,1.7,3000.0,0.939774,0.79589,1.45302,1.0,96.0,6895.6,95.0,116.0,101.0,1.7,1.7,1.7,3000.0,0.940121,0.75483,1.72508,0.0,96.0,5731.5,0.9543104868549802,2.2871549588455005,0.01910663024,1.160076552,0.0131024072712,1.13449036899,0.0252781873899854,18.61403,1.5383894,1.1066132,1.7202135,2.3130662,16.56235,1.1503853,0.8395079,1.3389875,1.8827035,12.02184,1.1274422,0.77648133,1.1590773,1.3152874,sub-22653_ses-1_run-01,sub-22653,ses-1,,,,,,run-01,
22653,2,ACPC,image,140.0,140.0,81.0,1.71429,1.71429,1.7,3000.0,0.925431,0.818987,1.41954,11.0,96.0,4308.95,95.0,116.0,101.0,1.7,1.7,1.7,3000.0,0.968387,0.889996,1.5004,0.0,96.0,6840.3,95.0,116.0,101.0,1.7,1.7,1.7,3000.0,0.966386,0.855552,1.778806,0.0,96.0,5998.19,0.3238670450687647,0.7805307839,0.01341702044,0.6986416044,0.0034095996524,0.5480381229,0.026378921715838,36.116627,2.6631768,1.946308,2.5673037,3.5901003,33.767654,1.9994593,1.6313857,2.090671,3.0564947,20.551376,2.1109405,1.2119288,1.7078276,1.9976995,sub-22653_ses-2_run-01,sub-22653,ses-2,,,,,,run-01,
22654,1,ACPC,image,140.0,140.0,81.0,1.71429,1.71429,1.7,3000.0,0.863762,0.67128,1.401644,1725.0,96.0,4021.85,95.0,116.0,101.0,1.7,1.7,1.7,3000.0,0.932288,0.758676,1.556817,6.0,96.0,5000.04,95.0,116.0,101.0,1.7,1.7,1.7,3000.0,0.935602,0.752536,1.626687,6.0,96.0,5523.41,1.2074583573455824,3.1739921162950004,0.0142845856,1.716141582,0.0118034383667,2.7231825460000003,0.0323152391864795,19.036335,0.8822432,0.92780477,1.3799357,1.6080366,16.661243,0.5224032,0.655309,1.0795525,1.3039576,13.135651,1.0105036,0.78797597,0.9321883,0.95976466,sub-22654_ses-1_run-01,sub-22654,ses-1,,,,,,run-01,
22654,2,ACPC,image,140.0,140.0,81.0,1.71429,1.71429,1.7,3000.0,0.923764,0.802135,1.502478,1.0,96.0,4272.1,95.0,116.0,101.0,1.7,1.7,1.7,3000.0,0.968466,0.879188,1.618403,0.0,96.0,7182.88,95.0,116.0,101.0,1.7,1.7,1.7,3000.0,0.967653,0.877796,1.553822,0.0,96.0,5076.14,0.3379870259303352,0.702289755233,0.00906269718,0.8690460868999998,0.004501091083,0.5586779591000001,0.0272642576093347,38.0827,1.8483547,1.7630737,2.5082667,4.0472207,36.030857,1.3202934,1.4217998,1.9988118,3.391329,21.293985,1.6657239,1.2119861,1.749367,2.3256752,sub-22654_ses-2_run-01,sub-22654,ses-2,,,,,,run-01,
22670,1,ACPC,image,140.0,140.0,81.0,1.71429,1.71429,1.7,3000.0,0.875383,0.687961,1.533965,1341.0,96.0,3403.71,95.0,116.0,101.0,1.7,1.7,1.7,3000.0,0.937835,0.793885,1.577926,4.0,96.0,5209.73,95.0,116.0,101.0,1.7,1.7,1.7,3000.0,0.942136,0.775878,1.793492,0.0,96.0,5109.34,0.912665327903239,2.400030497175001,0.008084035479,0.867697336,0.01212380873,1.5508734773,0.0283902717817614,21.94163,1.0315772,1.043935,1.5263231,1.8224173,19.540829,0.64734775,0.7511148,1.2022779,1.4935571,14.580184,1.0906097,0.8752858,1.0250031,1.0753334,sub-22670_ses-1_run-01,sub-22670,ses-1,,,,,,run-01,
22744,1,ACPC,image,140.0,140.0,81.0,1.71429,1.71429,1.7,3000.0,0.881841,0.696198,1.536014,1471.0,96.0,7918.25,95.0,116.0,101.0,1.7,1.7,1.7,3000.0,0.944419,0.829448,1.478041,0.0,96.0,5985.65,95.0,116.0,101.0,1.7,1.7,1.7,3000.0,0.94381,0.789021,1.795895,0.0,96.0,4366.32,0.6801957608612286,1.58901358458,0.01430410892,1.078713287,0.007704243296,1.2503787626,0.0218294968934946,19.93644,2.539028,1.4140633,2.035652,3.0570295,17.372025,1.9625659,1.0633162,1.5056725,2.424751,14.008831,1.6137799,0.9891078,1.528678,1.8552216,sub-22744_ses-1_run-01,sub-22744,ses-1,,,,,,run-01,
22745,1,ACPC,image,140.0,140.0,81.0,1.71429,1.71429,1.7,3000.0,0.870298,0.668092,1.426896,1640.0,96.0,8210.17,95.0,116.0,101.0,1.7,1.7,1.7,3000.0,0.935036,0.795373,1.45308,3.0,96.0,5115.51,95.0,116.0,101.0,1.7,1.7,1.7,3000.0,0.939595,0.754577,1.854426,0.0,96.0,6881.43,1.4196955034213232,3.5318252778999994,0.03433902189,1.550979476,0.0170845929520001,2.324941669,0.0431195150049802,18.641306,0.7638276,0.96682656,1.4394553,1.8721254,16.701382,0.4448045,0.68615687,1.1240396,1.5546858,11.892395,0.8913227,0.82783806,0.97705114,1.0578228,sub-22745_ses-1_run-01,sub-22745,ses-1,,,,,,run-01,
22797,1,ACPC,image,140.0,140.0,81.0,1.71429,1.71429,1.7,3000.0,0.89402,0.713668,1.498684,96.0,96.0,4627.29,95.0,116.0,101.0,1.7,1.7,1.7,3000.0,0.96319,0.871489,1.56698,0.0,96.0,7227.68,95.0,116.0,101.0,1.7,1.7,1.7,3000.0,0.959594,0.829253,1.866205,0.0,96.0,7413.91,0.6669404725902411,4.735606635179999,0.06392582506,1.036267769,0.0580249736099999,1.3004853684,0.0244137526111532,31.615324,1.1648992,1.3741225,2.0097747,2.7425275,29.931437,0.782424,1.044306,1.6429286,2.344118,17.823853,1.1361825,1.0701451,1.3044673,1.5254618,sub-22797_ses-1_run-01,sub-22797,ses-1,,,,,,run-01,
22870,1,ACPC,image,140.0,140.0,81.0,1.71429,1.71429,1.7,3000.0,0.830654,0.606668,1.391137,2081.0,96.0,6075.58,95.0,116.0,101.0,1.7,1.7,1.7,3000.0,0.926003,0.795245,1.383255,0.0,96.0,5760.46,95.0,116.0,101.0,1.7,1.7,1.7,3000.0,0.92813,0.74135,1.759306,0.0,96.0,3978.8,1.721199953732971,5.89147271336,0.06058881804,1.562945535,0.0587076470199999,2.0848171068,0.0499001996007984,16.125591,0.6667938,0.82122487,1.358579,1.3960309,13.877953,0.35848355,0.5560832,1.0556164,1.1244166,11.33376,0.83885646,0.7355894,0.8978346,0.83393157,sub-22870_ses-1_run-01,sub-22870,ses-1,,,,,,run-01,
23303,1,ACPC,image,140.0,140.0,81.0,1.71429,1.71429,1.7,3000.0,0.907522,0.815139,1.481871,13.0,96.0,5678.04,95.0,116.0,101.0,1.7,1.7,1.7,3000.0,0.959392,0.881703,1.515281,0.0,96.0,5740.42,95.0,116.0,101.0,1.7,1.7,1.7,3000.0,0.957404,0.847888,1.876473,0.0,96.0,5393.64,0.312308176364546,0.7668654689299998,0.005623600446,0.5207362287,0.0022052304998,0.53088711174,0.0319533941051904,35.28074,2.9240804,1.9463168,2.371728,3.293335,33.16372,2.1570349,1.5852857,1.8624307,2.7348049,19.334269,2.3400447,1.2765845,1.6779099,1.9206113,sub-23303_ses-1_run-01,sub-23303,ses-1,,,,,,run-01,
23582,1,ACPC,image,140.0,140.0,81.0,1.71429,1.71429,1.7,3000.0,0.908424,0.794524,1.280036,49.0,96.0,5277.42,95.0,116.0,101.0,1.7,1.7,1.7,3000.0,0.966036,0.909472,1.266678,0.0,96.0,7986.75,95.0,116.0,101.0,1.7,1.7,1.7,3000.0,0.961714,0.844232,1.677482,0.0,96.0,6908.01,0.7103955959047157,1.808865178025,0.0227053836,1.50741846,0.009443301244,1.265073954613,0.0377381932030618,21.546238,2.1449926,1.5999575,2.3503044,3.0869665,19.63002,1.5924122,1.2732035,1.8378882,2.5716233,12.91449,1.6784661,1.0579844,1.5994754,1.7503992,sub-23582_ses-1_acq-VARIANTObliquity_run-01,sub-23582,ses-1,,,acq-VARIANTObliquity,,,run-01,VARIANTObliquity
23676,1,ACPC,image,140.0,140.0,81.0,1.71429,1.71429,1.7,3000.0,0.926406,0.823028,1.501035,9.0,96.0,6281.75,95.0,116.0,101.0,1.7,1.7,1.7,3000.0,0.969176,0.9022,1.496715,0.0,96.0,8382.51,95.0,116.0,101.0,1.7,1.7,1.7,3000.0,0.96617,0.865397,1.851089,0.0,96.0,6010.6,0.3425312555022569,0.865016192045,0.01636722684,0.5517639805,0.0041157986563,0.56491997238,0.0217224164622797,34.971336,2.9858983,2.1435316,2.9866114,5.59504,32.945663,2.1749463,1.7488239,2.3405423,4.648899,20.13131,2.4331708,1.4087301,2.1155903,3.2139547,sub-23676_ses-1_acq-VARIANTObliquity_run-01,sub-23676,ses-1,,,acq-VARIANTObliquity,,,run-01,VARIANTObliquity
23698,1,ACPC,image,140.0,140.0,81.0,1.71429,1.71429,1.7,3000.0,0.918076,0.800686,1.466459,13.0,96.0,4357.71,95.0,116.0,101.0,1.7,1.7,1.7,3000.0,0.965924,0.890754,1.538128,0.0,96.0,7683.32,95.0,116.0,101.0,1.7,1.7,1.7,3000.0,0.963829,0.85056,2.010877,0.0,96.0,5646.23,0.5140080674463775,1.14545390975,0.008191255853,0.7466315887,0.0075632934459999,0.80904508193,0.0433972572296352,34.141373,16.970081,2.5638173,2.90047,6.3350434,32.199768,13.338536,2.0146663,2.1995142,5.157574,20.516218,10.852672,1.6938852,2.1374857,3.640913,sub-23698_ses-1_run-01,sub-23698,ses-1,,,,,,run-01,
